question,RAG,answer,困难等级,COT答案,正确性得分,正确性过程
2019年，江苏安靠智能输电工程科技股份有限公司行业的发展情况及公司所处行业地位如何？,"[{'id': 2, 'text': ""江苏安靠智能输电工程科技股份有限公司2019年年度报告全文\n3、销售模式\n目前公司产品主要销往国内，采用直销模式，即由公司直接将产品销售给客户，不通过经销商销售产品。公司下游需求客户除了国家电网、南方电网和五大发电集团等企业之外，伴随公司IPO募投项目GIL系列产品的快速量产，一线城市、二线城市与三线城市地方政府、及化工等行业企业逐渐成为公司下游新客户群体；公司销售主要通过参与投标的方式开展。\n4、研发模式\n公司主要有两种研发模式，一是根据对市场趋势的判断而进行的自主研发，二是根据不同客户的具体需要进行的定制研发。公司所研发出的产品通过试验并经相关部门检测认证后（若需要）取得进入电网运行的资格。\n（四）主要的业绩驱动因素\n报告期内，基于电缆连接件和GIL关键技术的核心竞争优势及城市电力架空线迁改与入地工程业绩，公司的行业地位和品牌市场影响力获得进一步提升。\n报告期内，公司新业务即GIL输电业务取得有效进展。一方面，公司签署并完成了《无锡荣巷街道220kV惠梁线迁改入地工程GIL设备2X34线供货合同》，合同订单金额1365万元；与江苏嘉能建设发展有限公司签署《常州500kV瓶武线线路迁改工程》项目订单，合同金额2500\n万元。上述两个架空线迁改与入地工程的一次性顺利完工，意味着公司架空线迁改与入地业务逐渐走向成熟，有利于公司此项新业务在江苏省内、及全国市场的推广。另一方面，公司传统业务即电缆连接件生产与销售业务实现稳步发展，如为国内首个海上风电500kV变电站提供安全可靠的输电方案，中标的“三峡如东海上风电柔性直流输电示范项目高压电缆及附件设备采购招标”项目，总金额2580万元；中标“张家港市高新投资发展有限公司的南横套电力线路改造工程”项目，中标金额6549万元；中标“国家电网有限责任公司输变电项目2019\n年第一次35-220千伏设备协议库存采购招标”项目，总金额4033万元。\n（五）公司行业的发展情况及公司所处行业地位\n1、行业宏观政策\n2018年9月，国家能源局印发《关于加快推进一批输变电重点工程规划建设工作的通知》。\n通知指出，为加大基础设施领域补短板力度，发挥重点电网工程在优化投资结构、清洁能源消纳、电力精准扶贫等方面的重要作用，加快推进张北至雄安特高压交流工程等9项重点输变电工程建设。根据通知，本次共规划了12条特高压工程，包括5条特高压直流（陕北至武汉直流特高压、青海至河南直流特高压、雅中至江西直流特高压、白鹤滩至江苏、白鹤滩至浙江）\n12\n\n江苏安靠智能输电工程科技股份有限公司2019年年度报告全文\n和7条交流特高压项目（南阳—荆门—长沙、张北至雄安以及5条配套短距离交流特高压项目），总投资额约2000亿元。\n2019年1月，国家电网召开年度工作会议，首次提出“三型两网”概念。建设泛在电力物联网，是国网推进“三型两网”建设的重要内容和关键环节，是国网未来三年的首要政治任务。2019年3月，国网公司对建设泛在电力物联网作出全面部署安排，充分应用“大云物移智”，实现电力系统各环节万物互联、人机交互，具有状态全面感知、信息高效处理、应用便捷灵活特征的智慧服务系统。2019年9月，天津、宁夏、江苏三省泛在专项正式招标，标志着我国电网建设运营正式进入泛在电力物联网发展时代。2019年12月，国网印发《泛在电力物联网2020年重点建设任务大纲》，将在2020年重点开展能源生态、客户服务、生产运行、经营管理、企业中台、智慧物联、基础支撑、技术研究等8个方向、40项重点建设任务，投资规模有望接近500亿。从节奏上看，2019年为启动元年，试点项目会陆续建设以实现带头示范作用；2021\n年将初步建成泛在电力物联网，实现涉电业务线上率70%；2024年将建成泛在电力物联网，实现涉电业务线上率90%，全面形成能源互联网生态圈。\n2018年11月，国网提出高压电缆精益化管理综合平台建设方案及功能需求规范，计划用三年时间全面提升公司高压电缆线路运维管控能力和管理水平。2019年1月，国网设备管理部在京组织召开工作会，宣贯高压电缆专业水平提升三年行动计划（2019～2021年）和高压电缆精益化管理综合平台建设方案及功能需求规范，提出高压电缆专业水平提升三年行动计划的总体思路、工作目标及主要工作内容，计划用三年时间全面提升公司高压电缆线路运维管控能力和管理水平。推进及建设高压电缆精益化管理综合平台，是国网建设泛在电力物联网的重要组成部分。\n与此同时，未来几年可预见的新能源汽车及5G的爆发，对城市输电技术提出了更高的要求，传统架空电缆输电技术，已不能满足城市日益增长的用电需求，更大容量、更安全、更智能的地下输电技术将发挥重要作用。\n2、行业竞争格局和市场化程度\n高电压等级电缆连接件的技术含量较高，专业生产厂商较少。110kV及以下电压等级电缆连接件生产技术已经比较成熟，国产产品已基本替代进口产品；220kV电缆连接件仍处于国产产品和进口产品相互竞争的状态，国产产品正在逐步替代进口产品；500kV电缆连接件在2009年以前完全被进口产品垄断，目前主要是本公司、长缆科技、长园集团、青岛汉缆、特变电工等少数国内专业厂商和国际知名的电缆系统制造企业进行竞争。\n13\n\n江苏安靠智能输电工程科技股份有限公司2019年年度报告全文\nGIL的研发和生产在国内起步较晚，本公司已掌握220-1100kVGIL输电相关技术，并为华能济宁电厂220kVGIL工程、江苏中关村220kVGIL工程(江苏时代新能源-余桥变220kV线路工程)、无锡荣巷街道220kV惠梁线迁改入地项目、常州武进瓶武线500kVGIL输电项目提供了相关服务。目前国内从事GIL系列产品研发和生产的其他企业主要包括西安西电开关电气有限公司、河南平高电气股份有限公司、厦门ABB高压开关有限公司等少数企业。\n3、行业的周期性、区域性和季节性特点\n电气机械和器材制造业作为输配电及控制设备制造业的一部分，与宏观经济周期存在一定的关联性。由于我国各地区经济发展水平不同，华东、华南、华北等经济相对发达地区是主要市场，近年来，随着国家鼓励西部开发，以及“一带一路”政策的推进，中西部地区的市场增长速度较快。\n电缆连接件系列产品主要运用于输电线路、电力工程等领域，公司下游需求客户主要为国家电网、南方电网及五大发电集团等企业。上述客户一般在上年年末或当年年初制定采购计划，经过较为繁杂的审批程序后组织招标并确定供应商，实际采购主要集中在下半年。因此，行业内企业销售收入具有一定的季节性。公司GIL系列产品生产与销售业务、电力工程承包业务、电力工程勘察设计业务、城市电力架空线迁改与入地业务则不存在明显的季节性。\n4、公司所处的行业地位\n公司主要致力于输变电系统关键部件——高压及超高压电缆连接件系列产品及GIL系列产品的生产与销售，并通过上述基础产品，提供城市电力架空线迁改与入地、电力工程勘察设计及施工服务等。公司关键技术和工程业绩均处于行业领先地位，参与制定了500kV（目前商业化运行电缆系统的最高电压等级）电缆连接件国家标准，公司研发的500kV电缆连接件打破了国外的长期垄断，推动了中国电缆工业由高压到超高压的跨越。公司不断发展与创新，于2015年在国内率先研发出220kV——1100kV金属气体绝缘母线（GIL），弥补了电缆系统不能大容量输电的缺陷；于2017年在国内率先通过“AK-GD1-11001100kV刚性气体绝缘输电线路（GIL）”等四个新产品新技术鉴定，GIL制造水平达到国际或国内先进水平；截至目前，公司先后为华能济宁电厂220kVGIL工程、江苏中关村220kVGIL工程(江苏时代新能源-余桥变220kV线路工程)、无锡荣巷街道220kV惠梁线迁改入地项目、常州武进瓶武线500kVGIL输电项目等提供了相关服务。\n5、公司的市场前景\n由于早期城市规划缺乏前瞻性，以“城市架空线”为代表的传统输电线路在城市规模不\n14\n\n江苏安靠智能输电工程科技股份有限公司2019年年度报告全文\n断扩大的过程中占用了核心城区的大量宝贵土地资源，随着城市的不断发展，把凌乱无序的架空线迁改至地下，逐渐成为共识，而城市圈的崛起，为架空线入地业务的开展，提供了较为广阔的市场机会。2017年习近平总书记视察北京时指出，疏解北京非首都功能才是北京城市规划建设的“牛鼻子”，强调“城市管理应该像绣花一样精细”。随着《首都核心区背街小巷环境整治提升三年（2017-2019年）行动方案》的发布，一场首都核心区的“架空线入地大会战”打响了。截至2019年10月，北京已完成137条道路129公里电力、375条道路225公路路灯、20条道路21公里电车馈线、1509条道路372公里通信架空线入地，拔除线杆1.3万余根；\n金融中心上海，浦东环保市容局在2019年3月发布了《关于崮山路（浦东大道-杨高中路）综合改造工程方案的批复》，同意崮山路（浦东大道-杨高中路）综合改造工程的设计方案，该工程北起浦东大道，南至杨高中路，路线全长1964米，工程完工后将极大地改善道路两旁居民的生活起居和出行。展望未来，我国城市电力架空线迁改与入地行业市场规模达数千亿。\n建设泛在电力物联网，是国网推进“三型两网”建设的重要内容和关键环节。2019年3\n月，国网公司对建设泛在电力物联网作出全面部署安排，充分应用“大云物移智”，实现电力系统各环节万物互联、人机交互，具有状态全面感知、信息高效处理、应用便捷灵活特征的智慧服务系统。从节奏上看，2019年为启动元年，试点项目会陆续建设以实现带头示范作用；\n2021年将初步建成泛在电力物联网，实现涉电业务线上率70%；2024年将建成泛在电力物联网，实现涉电业务线上率90%，全面形成能源互联网生态圈。从国网公司“一年试点、两年推广、三年见效”的实施策略来看，未来几年将逐步加大泛在电力物联网领域的投资力度。公司在二次电力设备领域经营多年，已拥有高压电缆精益化管理平台、智能巡检机器人、电缆在线监测系统等多项技术、产品储备和行业资源，作为拥有泛在电力物联网整体解决方案综合实力的企业之一，公司有望从中受益。\n作为特高压领域的现代装备制造服务型企业之一，公司同时掌握电缆输电、GIL输电两种输电技术，为客户提供地下智能输电系统整体解决方案。电缆连接件领域，公司参与制定了500kV（目前商业化运行电缆系统的最高电压等级）电缆连接件国家标准，公司研发的500kV电缆连接件打破了国外的长期垄断，推动了中国电缆工业由高压到超高压的跨越；GIL领域，公司不断发展与创新，在国内率先研发出220kV—1100kV金属气体绝缘母线（GIL），弥补了电缆系统不能大容量输电的缺陷。公司承接的多个GIL工程项目顺利投运，树立了行业先发优势。\n15\n\n江苏安靠智能输电工程科技股份有限公司2019年年度报告全文\n二、主要资产重大变化情况\n1、主要资产重大变化情况\n['主要资产', '重大变化说明']\n['', '长期股权投资期末余额4521.6元，期初余额47322.31元，下降90.45%，主要系']\n['股权资产', '联营企业亏损所致。']\n['固定资产', '固定资产期初余额为17977万元，期初余额为18404万元，无重大变化。']\n['无形资产', '无形资产期初余额为2789万元，期初余额为2747万元，无重大变化。']\n['在建工程', '在建工程期初余额为269万元，期初余额为291万元，无重大变化。']"", 'distance': 0.18706661462783813}, {'id': 3, 'text': '2、主要境外资产情况\n□适用√不适用\n三、核心竞争力分析\n公司是国家级高新技术企业，在电气试验方面，建立了行业内领先的超、特高压屏蔽试验大厅；在材料研究方面，成立了复合材料试验室；为确保公司产品长期安全运行，还建设了地下输电系统户外试验场，除了可进行常规试验外，还可对电缆输电系统进行长期老化试验，为公司的技术创新提供有力保障。公司先后设立了博士后科研工作站、江苏省电力电缆附件工程技术研究中心、江苏省认定企业技术中心、江苏省智能地下输电工程中心及江苏省工业设计中心。报告期内，公司荣获“江苏省百强创新型企业”、“2018年常州市市长质量奖”。\n公司的核心竞争力主要体现在以下方面：\n（一）技术创新优势\n1、突出的技术优势\n公司专注于电缆连接件系列产品、GIL系列产品及相关产品的研发及生产，掌握了地下智能输电核心技术，并拥有这些产品、技术的自主知识产权。公司依靠自身力量进行自主研发，掌握了电力电缆连接设备及GIL在电力系统中的运行原理、制造工艺和生产、安装技术等，除了满足国内电力建设的需求以外，也提高了我国地下智能输电领域的技术水平，现有的系列产品完全可替代进口产品。\n截至本报告期末，公司拥有有效专利62项，其中发明专利19项、实用新型专利43项。非\n专利技术包括工装模具、设备设计与制造技术；产品生产工艺和制造技术；产品设计、试验\n技术；智能地下输电系统设计和建设技术等。\n16\n\n江苏安靠智能输电工程科技股份有限公司2019年年度报告全文\n2、持续的研发创新能力\n报告期内，公司技术研发实力得到持续提升。在电缆附件方面，公司针对电缆系统在线监测领域开发了智能接地箱，此产品对电缆系统的健康状态起到实时监控及预警作用；为保证线路安全运行，开发了智能防爆灭火中间接头，此产品具有有效防爆、快速灭火、有效控制温升、方便运维测温等优点。上述新产品开发符合国家电网公司提出的建设“泛在电力物联网”战略目标，是公司针对该领域做出的有效尝试，为后续开展相关业务奠定了基础。此外，公司对电缆系统的相关产品制造工艺进行了改善，如改进了中间接头保护壳滚塑材料，解决了产品外观收缩问题；完善了相关产品内部研磨工艺和尾管旋压工艺；提出电缆附件自动焊接机器人方案并取得显著效果；对相关制造工序进行合并和小型改进近32项，大大提升了生产效率。在GIL方面，通过多项示范工程的积累，公司自主完成了第二代GIL产品的研制及生产，掌握了GIL关键技术，核心部件完全实现自主研发生产。\n报告期内，公司及控股子公司江苏凌瑞取得国家知识产权局颁发的7项专利证书，其中发明专利4项，实用新型专利3项，申报常州市高新技术产品3个。子公司江苏凌瑞成功申报高新技术企业；子公司河南安靠成功取得电力工程施工总承包贰级资质，为公司工程业务发展提供战略支持。\n（二）市场优势\n1、较高的产品认可度和品牌认知度\n公司凭借满足客户需求的产品设计、稳定可靠的产品质量、优质的售后服务逐渐获得了客户的认可。公司是目前国内少数具有500kV电压等级电缆连接件产品运行业绩的企业之一，先后承接了山西同华电力有限公司轩岗电厂项目、三峡集团公司向家坝水电站项目、国家电网北京海淀500kV城市电网项目、国家电网福建仙游抽水蓄能电站项目、国家电网浙江仙居抽水蓄能电站项目、国家电网江西洪屏抽水蓄能电站项目、大唐集团岩滩水电站项目、华电集团金沙江鲁地拉水电站项目、国电集团四川大渡河大岗山水电站项目、大唐集团四川大渡河黄金坪水电站项目、国电集团大渡河猴子岩水电站项目等多个500kV电缆输电系统项目。\nGIL方面，已完成华能济宁电厂220kVGIL工程、江苏中关村220kVGIL工程(江苏时代新能源-余桥变220kV线路工程)，树立了GIL产品先发优势。报告期内，公司城市电力架空线迁改与入地业务日趋成熟，已为无锡荣巷街道220kV惠梁线迁改入地工程、常州武进瓶武线500kVGIL输电项目提供服务，为将来该业务在江苏省内、及全国市场的规模化推广奠定基础。\n2、销售覆盖全国，售后服务专业及时\n17\n\n江苏安靠智能输电工程科技股份有限公司2019年年度报告全文\n输电线路遍布全国，对输电设备的需求也同样遍布全国。对此，公司在全国大多数省份派驻了专业销售人员，分区域覆盖各地的客户和潜在客户。对采用集中采购模式的主要用户，如国家电网、南方电网等企业，由公司集中力量统一负责销售。\n电缆连接件是电缆输电系统中较易发生故障的部分，因此发生故障后能否及时进行抢修是客户非常注重的环节。公司拥有数十名售后服务工程师，并配有专用服务车和规格齐全的备件库。在接到用户的技术服务要求和故障信息后，工作人员可以及时有效解决相关问题。\n公司优质的售后服务获得了众多客户的认可，为未来发展提供了有力保障。\n（三）团队管理优势\n公司自成立以来一直注重人才的储备和管理制度的创新，公司的董事会和管理层成员，普遍具备十年以上的电力行业从业经验或多年财务、管理经验。公司积极推行“以人为本”的人才发展战略，建设和谐团队，一方面采取内部培训的方式，提升员工的技能水平；另一方面充分利用多种渠道吸引高端人才，不断扩充和培养骨干队伍。公司主要管理人员具有丰富的管理经验和行业经验，能够快速把握行业发展趋势，并制定相应经营策略，提升公司的整体经营能力。通过多年的运营，公司培养了一支整体水平较高的技术研发团队，报告期内相关核心技术人员未发生重大变化。公司的技术研发工作始终处于良性循环的轨道，有效地加快了技术成果转化为生产力的进程，拓展了公司的利润增长点。报告期内，通过无锡荣巷项目、常州武进项目等重大GIL工程项目的实施，公司打造了一支行业一流的GIL工程项目团队，为未来同类项目的实施提供了重要保障。团队建设方面，公司开展了一系列培训活动，培训课题45个，培训场次多达65次，人均培训时间和培训总费用较去年大幅提高。公司人员学历水平较2018年末再次提升，硕士研究生较去年增加2人，211/985重点院校较去年增加6\n人，人员结构向高素质、高学历、高技术方向倾斜优化。\n18\n\n江苏安靠智能输电工程科技股份有限公司2019年年度报告全文\n第四节经营情况讨论与分析\n一、概述\n2019年1月，国家电网召开年度工作会议，首次提出“三型两网”概念。建设泛在电力物联网，是国网推进“三型两网”建设的重要内容和关键环节，是国网未来三年的首要政治任务。2019年3月，国网公司对建设泛在电力物联网作出全面部署安排，充分应用“大云物移智”，实现电力系统各环节万物互联、人机交互，具有状态全面感知、信息高效处理、应用便捷灵活特征的智慧服务系统。2019年9月，天津、宁夏、江苏三省泛在专项正式招标，标志着我国电网建设运营正式进入泛在电力物联网发展时代。2019年12月，国网印发《泛在电力物联网2020年重点建设任务大纲》，将在2020年重点开展能源生态、客户服务、生产运行、经营管理、企业中台、智慧物联、基础支撑、技术研究等8个方向、40项重点建设任务，投资规模有望接近500亿。从节奏上看，2019年为启动元年，试点项目会陆续建设以实现带头示范作用；2021\n年将初步建成泛在电力物联网，实现涉电业务线上率70%；2024年将建成泛在电力物联网，实现涉电业务线上率90%，全面形成能源互联网生态圈。\n2018年11月，国网提出高压电缆精益化管理综合平台建设方案及功能需求规范，计划用三年时间全面提升公司高压电缆线路运维管控能力和管理水平。2019年1月，国网设备管理部在京组织召开工作会，宣贯高压电缆专业水平提升三年行动计划（2019～2021年）和高压电缆精益化管理综合平台建设方案及功能需求规范，提出高压电缆专业水平提升三年行动计划的总体思路、工作目标及主要工作内容，计划用三年时间全面提升公司高压电缆线路运维管控能力和管理水平。推进及建设高压电缆精益化管理综合平台，是国网建设泛在电力物联网的重要组成部分。\n另一方面，“城市群”的崛起，日益增长的土地资源需求，则为地下输电行业带来了众多的投资机会和广阔的市场空间。伴随着城市化不断推进，以京津冀、长三角、粤港澳大湾区为代表的“城市群”已成为我国贡献经济增长的核心区域。然而，由于早期城市规划缺乏前瞻性，以“城市架空线”为代表的传统输电线路在城市规模不断扩大的过程中占用了核心城区的大量土地资源，矛盾愈发凸显。因此，把凌乱无序的架空线移入地下已经成了地方政府共识。北京、上海、广东、深圳等一二线城市纷纷规划核心地段的架空线入地工程。\n新能源车、5G的爆发促使电力需求剧增，传统架空电力输送方式已不能满足要求，地下输电技术是解决问题的核心关键。2019年12月3日，工信部发布《新能源汽车产业发展规划(2021-2035年)》(征求意见稿)，到2025年，新能源汽车新车销量占比达25%，智能网联汽车\n19\n\n江苏安靠智能输电工程科技股份有限公司2019年年度报告全文\n新车销量占比高达30%。同时，我国5G基站建设招标等工作加速启动，政府和运营商陆续发布5G规划，业界普遍预计2020年我国将迎来5G建设潮，三大运营商对5G建设的投入也将持续加大。两大产业并驾齐驱对城市输电提出了更高的要求，新能源汽车与5G基站对电能的需求激增，传统架空电缆输电已不能满足巨量电能的输送要求，更大容量、更安全、更智能的地下输电技术将发挥重要作用。\n作为国内领先的地下智能输电领域制造服务企业之一，公司同时掌握了电缆输电、GIL输电两种输电技术，并形成了完整的产品体系，积累了丰富的工程业绩。报告期内，公司电缆连接件及GIL扩建募投项目推进顺利，产能逐步释放，为进一步拓展地下智能输电业务奠定了坚实基础。2019年,电网投资增速持续放缓，其中国网公司电网投资比预算压减12%。2020\n年，电网投资将继续下行，电力设备行业将面临严冬。面对严峻的市场环境，在公司董事会的积极领导下，公司凭借行业领先的品牌、管理及技术优势，公司业务发展基本保持稳定，全年实现营业收入31,802.43万元，归属于母公司的净利润6361.64万元。公司整体经营管理工作如下：\n1、募投项目推进顺利\n报告期内，公司募集资金投资项目总投资额为35,394.42万元，主要投资于电力电缆连接件及GIL扩建项目。截止2019年12月31日，公司募投项目累计已投入资金20,864.89万元，其中工程项目支出14,864.89万元，项目仍在有序推进中。电力电缆连接件和GIL扩建项目的顺利实施，能优化公司产品结构，提升公司的核心竞争力。项目达产后，可进一步增加公司的销售收入，提高公司的净利润水平，经济效益显著。\n2、新业务持续突破，以高质量示范工程引领行业发展\n2019年，公司在GIL输电领域持续突破，两项GIL示范工程高质量建设投运，成功实现GIL输电技术在化工行业的首次运用，“大国重器”再次呈现，公司进一步扩大地下输电领域核心竞争优势，引领行业快速发展。\n无锡荣巷，国内首条220kV单相GIL输电线路，公司克服诸多困难，圆满完成生产、设计、安装、试验等各项任务，顺利完成惠梁线迁改入地工程，确保无锡江南大学太湖学院建设取得圆满成功；常州武进瓶武线500kVGIL输电线路，国网首条500kVGIL城市输电线路。保障百亿“武进新科环保产业园项目”顺利实施，盘活大量土地资源，助力“强富美高”新江苏建设；鲁西化工项目，在与跨国企业、央企的竞争中取胜，成功斩获历史最大订单，为GIL输电技术的多元化行业应用开辟了先河；内蒙古项目，实现220kV三相共箱GIL输电线路在低温极\n20', 'distance': 0.2411886602640152}, {'id': 8, 'text': ""36\n\n江苏安靠智能输电工程科技股份有限公司2019年年度报告全文\n['不适用', '', '', '', '', '', '', '', '', '', '', '']\n['', '', '35,394.4', '35,394.4', '', '20,864.8', '', '', '', '', '', '']\n['合计', '--', '2', '2', '854.55', '9', '--', '--', '388.08', '1,236.91', '--', '--']\n['未达到计划进度或预计收益的情况和原因（分具体项目）', '公司募集资金主要投资于电缆连接件和GIL扩建项目，公司根据市场情况及产品布局分布推进。截至2019年12月31日，公司GIL扩建部分已达到初步建成状态，公司已获得一些工程项目订单，但后续还需较长时间调试、运行、优化等，直至逐步达产和完全达产。公司电缆连接件扩建部分目前仍然在规划当中，相关前期准备工作正在陆续开展，公司后续会持续推进相关工作，项目预计于2020年开工建设。', '', '', '', '', '', '', '', '', '', '']\n['项目可行性发生重大变化的情况说明', '不适用', '', '', '', '', '', '', '', '', '', '']\n['超募', '不适用', '', '', '', '', '', '', '', '', '', '']\n\n37\n\n江苏安靠智能输电工程科技股份有限公司2019年年度报告全文\n['资金的金额、用途及使用进展情况', '']\n['募集资金投资项目实施地点变更情况', '不适用']\n['募集资金投资项目实施方式调整情况', '不适用']\n['募集', '适用']\n\n38\n\n江苏安靠智能输电工程科技股份有限公司2019年年度报告全文\n['资金投资项目先期投入及置换情况', '2017年4月5日，公司第二届董事会第十二次会议审议通过《关于以募集资金置换预先投入募投项目的自筹资金的议案》，经全体董事表决，一致同意以募集资金13,099.56万元置换预先投入募集资金投资项目的自筹资金。其中，电力电缆连接和GIL扩建项目13,099.56万元。', '']\n['用闲置募集资金暂时补充流动资金情况', '', '不适用']\n['项目实施出现募集资金结余的金额及原因', '', '不适用']\n\n39\n\n江苏安靠智能输电工程科技股份有限公司2019年年度报告全文\n['尚未使用的募集资金用途及去向', '公司第三届董事会第十四次会议、第三届监事会第十二次会议审议通过《关于使用闲置募集资金进行现金管理的议案》，公司独立董事、监事会和保荐机构华泰联合证券有限责任公司均发表了明确的同意意见。并于2019年3月21日召开2018年年度股东大会，审议通过了该议案。同意公司在不影响募集资金投资项目建设和公司正常运营的情况下，使用不超过1.5亿元暂时闲置的募集资金购买不超过12个月的保本型理财产品，使用期限为自公司股东大会审议通过之日起12个月。在上述使用期限及额度范围内，资金可以循环滚动使用。后续公司向中信银行股份有限公司常州分行溧阳支行、江苏银行溧阳支行购买了1.5亿元相关保本理财产品，其余资金存放募集资金专用账户中。']\n['募集资金使用及披露中存在的问题或其他情况', '不适用']\n\n（3）募集资金变更项目情况\n□适用√不适用\n公司报告期不存在募集资金变更项目情况。\n六、重大资产和股权出售\n1、出售重大资产情况\n□适用√不适用\n公司报告期未出售重大资产。\n2、出售重大股权情况\n□适用√不适用\n七、主要控股参股公司分析\n√适用□不适用\n主要子公司及对公司净利润影响达10%以上的参股公司情况\n单位：元\n40\n\n江苏安靠智能输电工程科技股份有限公司2019年年度报告全文\n['公司名称', '公司类型', '主要业务', '注册资本', '总资产', '净资产', '营业收入', '营业利润', '净利润']\n['河南安靠电力工程设计有限公司', '子公司', '电力工程勘察设计等', '50,000,000.00', '61,085,619.72', '16,874,930.51', '45,325,882.89', '7,821,876.08', '5,557,627.30']\n['溧阳市常瑞电力科技有限公司', '子公司', '电力器材、机电设备及配件的销售等', '5,000,000.00', '39,871,096.74', '11,405,353.60', '93,314,951.30', '-3,343,640.94', '-3,756,971.45']\n['', '', '中压、高压、超高、特高压电', '', '', '', '', '', '']\n['江苏凌瑞电力科技有限公司', '子公司', '器设备及其配件，部件设计、研', '50,000,000.00', '19,042,961.41', '18,684,581.23', '10,989,666.06', '-2,597,538.22', '-1,954,262.67']\n['', '', '发、制造、测试与销售等', '', '', '', '', '', '']\n['江苏安靠创业投资有限公司', '子公司', '实业投资，创业投资等', '120,000,000.00', '2,914,231.70', '2,493,225.25', '0.00', '-7,941.69', '-6,087.23']\n\n报告期内取得和处置子公司的情况\n□适用√不适用\n主要控股参股公司情况说明\n报告期内，公司加强对子公司的管理，各子公司经营情况稳定，其中河南安靠盈利能力上升。\n八、公司控制的结构化主体情况\n□适用√不适用\n九、公司未来发展的展望\n（一）公司未来发展战略\n41\n\n江苏安靠智能输电工程科技股份有限公司2019年年度报告全文\n公司的长期战略目标是成为“国际领先的超、特高压地下智能输电整体方案供应商”，以电缆连接件及GIL为基础，为客户提供咨询、设计、融资建设、运维、能效管理等电力生态链系统解决方案，实现从传统装备制造型企业向现代先进制造服务型企业的战略转型。\n公司业务发展可概括为“一体两翼”。“一体”指地下智能输电产品的关键技术研发及制造；“两翼”一是指利用地下输电核心技术和工程业绩优势开展架空线入地、泛在电力物联网等新业务。二是指电力工程勘察设计及承包业务向电力客户需求侧的深度拓展。\n传统装备制造领域，公司将发挥技术优势、产品创新优势、资源整合优势，把脉客户和市场的需求，不断进行迭代创新，进一步在实践中根据客户需求“智造”新的地下输电产品：电缆连接件方面，寻找新材料、新技术运用，在现有产品的基础上进行深度开发，打造“适应泛在电力物联网”建设的新产品，解决电缆输电线路产品缺陷，形成电缆输电系统化解决方案；GIL方面，围绕“110-1100kV三相共箱”等关键技术，着重部件、工艺、工程计算、安装工装的论证与研发，与电网、院校开展数据、条件、运行环境等基础研究，力求在GIL部件上进行进一步创新，确保GIL输电的安全可靠。\n新业务上，随着城市的快速扩张，原有高压架空输电线路影响着城市的科学规划，占用了大量宝贵土地资源。新能源、5G的的爆发，对输电容量、方式提出了更高的要求。公司将利用地下输电领域核心技术、产品及业绩优势展开和政府、企业等各方面电力用户的合作，利用架空线入地、迁改来盘活土地资源，提升城市形象，开发潜在市场。\n电力工程勘察设计及电力工程承包业务上，公司未来将直接面向用电客户需求侧，提供咨询、设计、融资建设、运维、能效管理等电力生态链系统解决方案，解决用户需求“难点”、“痛点”。\n2020年，公司将紧紧围绕企业发展战略及年度经营计划，持续经营传统业务，大力发展新业务，实现业绩稳定增长。\n（二）公司拟开展的工作\n1、2020年，公司在不断完善地下智能输电系统产品、技术体系的基础上，将致力于打造电力能源综合管理服务全产业链。公司将依托泛在电力物联网、电力区块链、新能源汽车和5G核心技术，借助国家电网开展高压电缆精益化管理的机遇，实现地下输电的一、二次设备融合。同时，稳步推进工厂预制式综合能源管理智能型变电站业务，研发储能站、智能移动充电车、GIS开关和变压器一体机等众多战略新产品，打造电力能源综合管理服务全产业链。\n2、继续加强架空线入地市场开发，持续推进武汉、佛山、广州、深圳、杭州、西安、南\n42\n\n江苏安靠智能输电工程科技股份有限公司2019年年度报告全文\n京等地的架空线入地项目；抓住粤港澳大湾区、长三角一体化建设给地下智能产业带来的发展机遇，在南京、苏州、常州、溧阳等地进入电网核心迁改业务。\n3、积极做好产品研发和市场开拓工作，消化募投项目建设释放的产能，成为电缆连接件和GIL产品及服务核心供应商。监督和规范公司募集资金使用情况和投资进度，促使公司募投项目产生更好的经济效益。\n4、继续提升公司规范经营和治理水平。公司董事会将根据需要进一步完善公司相关的规章制度，促进公司董事会、管理层严格遵守；继续优化公司的治理机构，提升规范运作水平，为公司的发展提供基础保障，建立更加规范、透明的上市公司运作体系；同时加强内控制度建设，坚持依法治理企业；优化内部控制流程，不断完善风险防范机制，保障公司健康、稳定、可持续发展；审议、决策公司管理过程中的重大事项；跟踪、执行股东大会审议通过的决议事项。\n5、研究公司行业政策、发展动态和公司未来发展战略，坚持把技术创新、管理创新、市场创新作为提升企业核心竞争力的根本手段，按照公司业务发展战略，研究、寻找选择同行业中的收购、兼并或合作等机会，垂直整合相关业务，继续保持产品的丰富性和领先性，努力降低生产成本，促使公司产品的竞争力进一步提升。\n6、不断加强企业内部的创新精神和协作精神，完善企业内控管理制度，将公司的成长与员工的发展有机结合起来，保持公司可持续健康成长。人才是企业最重要的无形资产，妥善打造企业雇主品牌，增强对优秀人才的吸引力，推动企业发展；同时在内部加强培训工作，确保培训体系顺利开展，打造企业内部培训师团队，提升公司整体团队专业技能及职业素养；\n继续加强企业文化建设，在合适时点，开展股权激励计划，增强员工对企业的认同感与忠诚度，提高员工团队凝聚力。检查、监督和规范公司和高级管理人员的日常工作，对发现的违法违规行为，采取督促改正、提起诉讼等不同措施，维护和保障股东权益，促进公司进一步规范运作。\n（三）公司面临的风险\n1、宏观经济增速放缓带来的行业风险\n当前国内国际宏观经济环境下，增长放缓，需求下降。公司所处行业发展与宏观经济环境及下游行业景气度密切相关。当宏观经济处于上升阶段时，新开工上升，电力需求增加，输配电系统投资增加；反之，当宏观经济处于下降阶段时，供需逆转，电力需求减少，输配电系统投资减少。若宏观经济形势发生变化或产业经济发展方向发生重大调整，导致国家电\n43"", 'distance': 0.29589658975601196}]","['公司行业宏观政策：国家能源局发布了关于加快推进一批输变电重点工程规划建设的通知，计划推进特高压交流和直流工程建设，总投资约2000亿元。国家电网提出了""三型两网""概念，其中建设泛在电力物联网是重要内容，公司参与了泛在电力物联网的建设和发展。', '公司行业的发展情况：根据信息，公司在电缆连接件和GIL领域具有技术领先地位，并在相关项目中取得了成功。公司参与制定了国家标准，推动了中国电缆工业的发展。在城市电力架空线迁改和泛在电力物联网等领域，公司具备市场发展潜力。通过提供全面解决方案，公司为客户提供了综合服务，增强了市场竞争力。\n公司所处行业地位：公司在电缆连接件和GIL领域拥有行业领先地位，参与国家标准制定，取得了技术突破和创新。公司在工程项目方面取得了成功，并为多个重要项目提供服务。这些因素使得公司在行业中具备较高的影响力和竞争优势。', '公司行业的发展情况：公司所在的电缆连接件和GIL领域面临良好的发展机遇。随着国家能源政策的支持和能源互联网的建设，电力输变电系统的升级和优化需求增加。同时，城市电力架空线迁改与入地的推进以及泛在电力物联网的建设也为行业提供了新的市场机会。公司凭借其技术领先地位和综合解决方案能力，将能够抓住这些机遇并实现持续发展。\n公司所处行业的地位：公司在电缆连接件和GIL领域具有行业领先地位。公司参与制定了500kV电缆连接件国家标准，推动了中国电缆工业的发展。在GIL领域，公司率先在国内研发出高压到超高压的金属气体绝缘母线，填补了电缆系统的技术空白。公司在相关技术和产品方面取得了重要突破，并成功承接了多个重要工程项目。这些成就树立了公司在行业中的优势地位，增强了其在市场上的竞争力。\n公司的市场前景：公司在电缆连接件和GIL领域具备良好的市场前景。随着城市电力架空线迁改与入地业务的推进，以及泛在电力物联网的发展，市场需求将持续增长。作为技术领先的企业，公司能够提供高质量的产品和综合解决方案，满足市场需求。同时，公司在工程业绩和行业影响力方面也赋予了其市场竞争的优势。未来，公司有望进一步巩固市场地位，拓展业务领域，并取得可持续的发展。']",1.0,"<think>
好的，我现在需要回答关于江苏安靠智能输电工程科技股份有限公司在2019年的行业发展情况及公司所处行业地位的问题。首先，我需要仔细阅读提供的文本段落，寻找相关的信息点。

首先，用户的问题涉及两个部分：行业的发展情况和公司的行业地位。根据提供的passage，我需要分别提取这两个方面的信息。首先看看行业发展情况部分。在passage中，有一个章节标题是“（五）公司行业的发展情况及公司所处行业地位”，其中包含了“行业宏观政策”、“行业竞争格局和市场化程度”、“行业的周期性、区域性和季节性特点”以及“公司所处的行业地位”等内容。

关于行业的发展情况，可能有以下几个要点：国家电网的政策，如“三型两网”和泛在电力物联网的建设，国网的投资计划，高压电缆精益化管理，以及新能源车和5G对输电技术的影响。此外，还提到了城市架空线入地的趋势，北京和上海的例子，以及市场规模的增长。

接下来，关于公司的行业地位，passage中提到公司在高电压等级电缆连接件和GIL产品方面的技术领先，参与制定国家标准，打破了国外垄断，拥有多个示范工程案例，并且在国内市场的主要竞争对手较少，如西安西电、平高电气等。

现在需要将这些信息整合成结构化的答案。可能需要分点列出行业的发展情况和公司的地位。例如，行业方面包括政策推动、技术需求、市场竞争格局等；公司地位方面包括技术领先、市场份额、项目案例等。

需要确保答案的信息完全来自提供的文本，不添加外部知识。同时，注意回答是否符合要求，比如分步骤思考、自我纠错等。在步骤中，可能需要检查是否遗漏了关键点，比如高压电缆精益化管理是否是行业发展的一个因素，或者公司的研发模式是否影响其行业地位。

最后，整合所有要点，确保答案连贯，并按照要求用中文输出，不使用分段，所有内容在result中连续呈现。
</think>

<steps>
1. 根据[Passage]中“(五)公司行业的发展情况及公司所处行业地位”章节，整理行业宏观政策信息。文中提到2018-2019年国家能源局和国网推动特高压工程(12条特高压规划投资2000亿)，国网提出“三型两网”战略并计划2020年投入500亿建设泛在电力物联网。同时高压电缆精益化管理三年行动计划(2019-2021)和新能源车、5G发展带来的输电技术升级需求，构成行业发展主要驱动力。

2. 分析行业竞争格局：在电缆连接件领域，500kV产品主要竞争者为安靠、长缆科技、长园集团等国内厂商及进口品牌；在GIL领域，主要竞争对手包括西安西电、平高电气等少数企业。特别强调公司在500kV电缆连接件领域打破了国外垄断，参与制定国家标准，且在GIL领域实现220-1100kV技术突破并完成多个示范工程。

3. 确认公司行业地位：通过具体业绩证明，如参与制定500kV电缆连接件国家标准、完成无锡荣巷220kV和常州武进500kV等标志性GIL项目，拥有电缆输电和GIL输电双重技术能力，被描述为“关键技术和工程业绩均处于行业领先地位”。在市场竞争中多次中标国家电网、南方电网等大型项目，且获得常州市市长质量奖等荣誉。

4. 结合市场前景数据：文中引用北京、上海等地的架空线入地工程数据，并预测该行业市场规模达数千亿。公司通过已完成的迁改项目确立了先发优势，同时布局泛在电力物联网相关技术(如智能巡检机器人、在线监测系统)，符合国网未来投资方向。
</steps>

<result>
2019年江苏安靠所处行业在政策推动下快速发展，国家电网提出“三型两网”战略并规划500亿泛在电力物联网建设，特高压工程投资达2000亿，新能源车及5G发展刺激地下输电需求。行业竞争格局中，公司在500kV电缆连接件领域打破国外垄断并参与制定国家标准，在GIL领域掌握220-1100kV技术，主要竞争对手为西安西电、平高电气等。公司行业地位表现为：关键技术行业领先，完成多个国家级示范工程(如常州500kV项目)，中标国家电网等重大订单，获市长质量奖，同时布局泛在电力物联网相关技术，在架空线入地数千亿市场中具备先发优势。</result>",10,"<think>
好的，我需要先仔细阅读用户提供的答案和标准答案，然后比较两者的内容，确定用户的分析过程和结论是否正确。用户答案涵盖了政策推动、国家电网的战略规划、特高压投资、新能源和5G对地下输电需求的影响，以及公司在行业中的竞争地位和技术优势。标准答案分几个部分，涉及宏观政策、行业发展情况、公司地位和前景。

用户答案提到国家电网的“三型两网”战略和500亿泛在电力物联网建设，以及特高压2000亿投资，这些在标准答案的宏观政策部分都有对应，特别是特高压投资额一致。用户还提到公司在500kV电缆连接件打破垄断，参与制定国家标准，GIL技术覆盖多个电压等级，竞争对手，以及中标项目和获得的奖项。这些在标准答案中也有详细说明，包括参与国家标准制定、技术领先、示范工程和重大项目中标，这些都符合标准答案中的行业发展情况和公司地位部分。

用户答案中的新能源车和5G刺激地下输电需求，以及架空线入地市场的先发优势，对应标准答案中的城市电力架空线迁改和泛在电力物联网的市场机会。虽然用户答案提到的是“架空线入地数千亿市场”，而标准答案可能更具体地提到城市迁改，但核心内容一致。

用户答案没有明显错误或遗漏关键点，所有核心要素如政策、公司技术优势、市场地位、项目案例等都覆盖了。虽然表述方式和结构可能与标准答案不同，但内容一致，关键数据和结论正确，没有错误信息。因此，应该得10分。
</think>

<result>10</result>"
2019年，江苏安靠智能输电工程科技股份有限公司行业的发展情况及公司所处行业地位如何？,"[{'id': 2, 'text': ""江苏安靠智能输电工程科技股份有限公司2019年年度报告全文\n3、销售模式\n目前公司产品主要销往国内，采用直销模式，即由公司直接将产品销售给客户，不通过经销商销售产品。公司下游需求客户除了国家电网、南方电网和五大发电集团等企业之外，伴随公司IPO募投项目GIL系列产品的快速量产，一线城市、二线城市与三线城市地方政府、及化工等行业企业逐渐成为公司下游新客户群体；公司销售主要通过参与投标的方式开展。\n4、研发模式\n公司主要有两种研发模式，一是根据对市场趋势的判断而进行的自主研发，二是根据不同客户的具体需要进行的定制研发。公司所研发出的产品通过试验并经相关部门检测认证后（若需要）取得进入电网运行的资格。\n（四）主要的业绩驱动因素\n报告期内，基于电缆连接件和GIL关键技术的核心竞争优势及城市电力架空线迁改与入地工程业绩，公司的行业地位和品牌市场影响力获得进一步提升。\n报告期内，公司新业务即GIL输电业务取得有效进展。一方面，公司签署并完成了《无锡荣巷街道220kV惠梁线迁改入地工程GIL设备2X34线供货合同》，合同订单金额1365万元；与江苏嘉能建设发展有限公司签署《常州500kV瓶武线线路迁改工程》项目订单，合同金额2500\n万元。上述两个架空线迁改与入地工程的一次性顺利完工，意味着公司架空线迁改与入地业务逐渐走向成熟，有利于公司此项新业务在江苏省内、及全国市场的推广。另一方面，公司传统业务即电缆连接件生产与销售业务实现稳步发展，如为国内首个海上风电500kV变电站提供安全可靠的输电方案，中标的“三峡如东海上风电柔性直流输电示范项目高压电缆及附件设备采购招标”项目，总金额2580万元；中标“张家港市高新投资发展有限公司的南横套电力线路改造工程”项目，中标金额6549万元；中标“国家电网有限责任公司输变电项目2019\n年第一次35-220千伏设备协议库存采购招标”项目，总金额4033万元。\n（五）公司行业的发展情况及公司所处行业地位\n1、行业宏观政策\n2018年9月，国家能源局印发《关于加快推进一批输变电重点工程规划建设工作的通知》。\n通知指出，为加大基础设施领域补短板力度，发挥重点电网工程在优化投资结构、清洁能源消纳、电力精准扶贫等方面的重要作用，加快推进张北至雄安特高压交流工程等9项重点输变电工程建设。根据通知，本次共规划了12条特高压工程，包括5条特高压直流（陕北至武汉直流特高压、青海至河南直流特高压、雅中至江西直流特高压、白鹤滩至江苏、白鹤滩至浙江）\n12\n\n江苏安靠智能输电工程科技股份有限公司2019年年度报告全文\n和7条交流特高压项目（南阳—荆门—长沙、张北至雄安以及5条配套短距离交流特高压项目），总投资额约2000亿元。\n2019年1月，国家电网召开年度工作会议，首次提出“三型两网”概念。建设泛在电力物联网，是国网推进“三型两网”建设的重要内容和关键环节，是国网未来三年的首要政治任务。2019年3月，国网公司对建设泛在电力物联网作出全面部署安排，充分应用“大云物移智”，实现电力系统各环节万物互联、人机交互，具有状态全面感知、信息高效处理、应用便捷灵活特征的智慧服务系统。2019年9月，天津、宁夏、江苏三省泛在专项正式招标，标志着我国电网建设运营正式进入泛在电力物联网发展时代。2019年12月，国网印发《泛在电力物联网2020年重点建设任务大纲》，将在2020年重点开展能源生态、客户服务、生产运行、经营管理、企业中台、智慧物联、基础支撑、技术研究等8个方向、40项重点建设任务，投资规模有望接近500亿。从节奏上看，2019年为启动元年，试点项目会陆续建设以实现带头示范作用；2021\n年将初步建成泛在电力物联网，实现涉电业务线上率70%；2024年将建成泛在电力物联网，实现涉电业务线上率90%，全面形成能源互联网生态圈。\n2018年11月，国网提出高压电缆精益化管理综合平台建设方案及功能需求规范，计划用三年时间全面提升公司高压电缆线路运维管控能力和管理水平。2019年1月，国网设备管理部在京组织召开工作会，宣贯高压电缆专业水平提升三年行动计划（2019～2021年）和高压电缆精益化管理综合平台建设方案及功能需求规范，提出高压电缆专业水平提升三年行动计划的总体思路、工作目标及主要工作内容，计划用三年时间全面提升公司高压电缆线路运维管控能力和管理水平。推进及建设高压电缆精益化管理综合平台，是国网建设泛在电力物联网的重要组成部分。\n与此同时，未来几年可预见的新能源汽车及5G的爆发，对城市输电技术提出了更高的要求，传统架空电缆输电技术，已不能满足城市日益增长的用电需求，更大容量、更安全、更智能的地下输电技术将发挥重要作用。\n2、行业竞争格局和市场化程度\n高电压等级电缆连接件的技术含量较高，专业生产厂商较少。110kV及以下电压等级电缆连接件生产技术已经比较成熟，国产产品已基本替代进口产品；220kV电缆连接件仍处于国产产品和进口产品相互竞争的状态，国产产品正在逐步替代进口产品；500kV电缆连接件在2009年以前完全被进口产品垄断，目前主要是本公司、长缆科技、长园集团、青岛汉缆、特变电工等少数国内专业厂商和国际知名的电缆系统制造企业进行竞争。\n13\n\n江苏安靠智能输电工程科技股份有限公司2019年年度报告全文\nGIL的研发和生产在国内起步较晚，本公司已掌握220-1100kVGIL输电相关技术，并为华能济宁电厂220kVGIL工程、江苏中关村220kVGIL工程(江苏时代新能源-余桥变220kV线路工程)、无锡荣巷街道220kV惠梁线迁改入地项目、常州武进瓶武线500kVGIL输电项目提供了相关服务。目前国内从事GIL系列产品研发和生产的其他企业主要包括西安西电开关电气有限公司、河南平高电气股份有限公司、厦门ABB高压开关有限公司等少数企业。\n3、行业的周期性、区域性和季节性特点\n电气机械和器材制造业作为输配电及控制设备制造业的一部分，与宏观经济周期存在一定的关联性。由于我国各地区经济发展水平不同，华东、华南、华北等经济相对发达地区是主要市场，近年来，随着国家鼓励西部开发，以及“一带一路”政策的推进，中西部地区的市场增长速度较快。\n电缆连接件系列产品主要运用于输电线路、电力工程等领域，公司下游需求客户主要为国家电网、南方电网及五大发电集团等企业。上述客户一般在上年年末或当年年初制定采购计划，经过较为繁杂的审批程序后组织招标并确定供应商，实际采购主要集中在下半年。因此，行业内企业销售收入具有一定的季节性。公司GIL系列产品生产与销售业务、电力工程承包业务、电力工程勘察设计业务、城市电力架空线迁改与入地业务则不存在明显的季节性。\n4、公司所处的行业地位\n公司主要致力于输变电系统关键部件——高压及超高压电缆连接件系列产品及GIL系列产品的生产与销售，并通过上述基础产品，提供城市电力架空线迁改与入地、电力工程勘察设计及施工服务等。公司关键技术和工程业绩均处于行业领先地位，参与制定了500kV（目前商业化运行电缆系统的最高电压等级）电缆连接件国家标准，公司研发的500kV电缆连接件打破了国外的长期垄断，推动了中国电缆工业由高压到超高压的跨越。公司不断发展与创新，于2015年在国内率先研发出220kV——1100kV金属气体绝缘母线（GIL），弥补了电缆系统不能大容量输电的缺陷；于2017年在国内率先通过“AK-GD1-11001100kV刚性气体绝缘输电线路（GIL）”等四个新产品新技术鉴定，GIL制造水平达到国际或国内先进水平；截至目前，公司先后为华能济宁电厂220kVGIL工程、江苏中关村220kVGIL工程(江苏时代新能源-余桥变220kV线路工程)、无锡荣巷街道220kV惠梁线迁改入地项目、常州武进瓶武线500kVGIL输电项目等提供了相关服务。\n5、公司的市场前景\n由于早期城市规划缺乏前瞻性，以“城市架空线”为代表的传统输电线路在城市规模不\n14\n\n江苏安靠智能输电工程科技股份有限公司2019年年度报告全文\n断扩大的过程中占用了核心城区的大量宝贵土地资源，随着城市的不断发展，把凌乱无序的架空线迁改至地下，逐渐成为共识，而城市圈的崛起，为架空线入地业务的开展，提供了较为广阔的市场机会。2017年习近平总书记视察北京时指出，疏解北京非首都功能才是北京城市规划建设的“牛鼻子”，强调“城市管理应该像绣花一样精细”。随着《首都核心区背街小巷环境整治提升三年（2017-2019年）行动方案》的发布，一场首都核心区的“架空线入地大会战”打响了。截至2019年10月，北京已完成137条道路129公里电力、375条道路225公路路灯、20条道路21公里电车馈线、1509条道路372公里通信架空线入地，拔除线杆1.3万余根；\n金融中心上海，浦东环保市容局在2019年3月发布了《关于崮山路（浦东大道-杨高中路）综合改造工程方案的批复》，同意崮山路（浦东大道-杨高中路）综合改造工程的设计方案，该工程北起浦东大道，南至杨高中路，路线全长1964米，工程完工后将极大地改善道路两旁居民的生活起居和出行。展望未来，我国城市电力架空线迁改与入地行业市场规模达数千亿。\n建设泛在电力物联网，是国网推进“三型两网”建设的重要内容和关键环节。2019年3\n月，国网公司对建设泛在电力物联网作出全面部署安排，充分应用“大云物移智”，实现电力系统各环节万物互联、人机交互，具有状态全面感知、信息高效处理、应用便捷灵活特征的智慧服务系统。从节奏上看，2019年为启动元年，试点项目会陆续建设以实现带头示范作用；\n2021年将初步建成泛在电力物联网，实现涉电业务线上率70%；2024年将建成泛在电力物联网，实现涉电业务线上率90%，全面形成能源互联网生态圈。从国网公司“一年试点、两年推广、三年见效”的实施策略来看，未来几年将逐步加大泛在电力物联网领域的投资力度。公司在二次电力设备领域经营多年，已拥有高压电缆精益化管理平台、智能巡检机器人、电缆在线监测系统等多项技术、产品储备和行业资源，作为拥有泛在电力物联网整体解决方案综合实力的企业之一，公司有望从中受益。\n作为特高压领域的现代装备制造服务型企业之一，公司同时掌握电缆输电、GIL输电两种输电技术，为客户提供地下智能输电系统整体解决方案。电缆连接件领域，公司参与制定了500kV（目前商业化运行电缆系统的最高电压等级）电缆连接件国家标准，公司研发的500kV电缆连接件打破了国外的长期垄断，推动了中国电缆工业由高压到超高压的跨越；GIL领域，公司不断发展与创新，在国内率先研发出220kV—1100kV金属气体绝缘母线（GIL），弥补了电缆系统不能大容量输电的缺陷。公司承接的多个GIL工程项目顺利投运，树立了行业先发优势。\n15\n\n江苏安靠智能输电工程科技股份有限公司2019年年度报告全文\n二、主要资产重大变化情况\n1、主要资产重大变化情况\n['主要资产', '重大变化说明']\n['', '长期股权投资期末余额4521.6元，期初余额47322.31元，下降90.45%，主要系']\n['股权资产', '联营企业亏损所致。']\n['固定资产', '固定资产期初余额为17977万元，期初余额为18404万元，无重大变化。']\n['无形资产', '无形资产期初余额为2789万元，期初余额为2747万元，无重大变化。']\n['在建工程', '在建工程期初余额为269万元，期初余额为291万元，无重大变化。']"", 'distance': 0.18706661462783813}, {'id': 3, 'text': '2、主要境外资产情况\n□适用√不适用\n三、核心竞争力分析\n公司是国家级高新技术企业，在电气试验方面，建立了行业内领先的超、特高压屏蔽试验大厅；在材料研究方面，成立了复合材料试验室；为确保公司产品长期安全运行，还建设了地下输电系统户外试验场，除了可进行常规试验外，还可对电缆输电系统进行长期老化试验，为公司的技术创新提供有力保障。公司先后设立了博士后科研工作站、江苏省电力电缆附件工程技术研究中心、江苏省认定企业技术中心、江苏省智能地下输电工程中心及江苏省工业设计中心。报告期内，公司荣获“江苏省百强创新型企业”、“2018年常州市市长质量奖”。\n公司的核心竞争力主要体现在以下方面：\n（一）技术创新优势\n1、突出的技术优势\n公司专注于电缆连接件系列产品、GIL系列产品及相关产品的研发及生产，掌握了地下智能输电核心技术，并拥有这些产品、技术的自主知识产权。公司依靠自身力量进行自主研发，掌握了电力电缆连接设备及GIL在电力系统中的运行原理、制造工艺和生产、安装技术等，除了满足国内电力建设的需求以外，也提高了我国地下智能输电领域的技术水平，现有的系列产品完全可替代进口产品。\n截至本报告期末，公司拥有有效专利62项，其中发明专利19项、实用新型专利43项。非\n专利技术包括工装模具、设备设计与制造技术；产品生产工艺和制造技术；产品设计、试验\n技术；智能地下输电系统设计和建设技术等。\n16\n\n江苏安靠智能输电工程科技股份有限公司2019年年度报告全文\n2、持续的研发创新能力\n报告期内，公司技术研发实力得到持续提升。在电缆附件方面，公司针对电缆系统在线监测领域开发了智能接地箱，此产品对电缆系统的健康状态起到实时监控及预警作用；为保证线路安全运行，开发了智能防爆灭火中间接头，此产品具有有效防爆、快速灭火、有效控制温升、方便运维测温等优点。上述新产品开发符合国家电网公司提出的建设“泛在电力物联网”战略目标，是公司针对该领域做出的有效尝试，为后续开展相关业务奠定了基础。此外，公司对电缆系统的相关产品制造工艺进行了改善，如改进了中间接头保护壳滚塑材料，解决了产品外观收缩问题；完善了相关产品内部研磨工艺和尾管旋压工艺；提出电缆附件自动焊接机器人方案并取得显著效果；对相关制造工序进行合并和小型改进近32项，大大提升了生产效率。在GIL方面，通过多项示范工程的积累，公司自主完成了第二代GIL产品的研制及生产，掌握了GIL关键技术，核心部件完全实现自主研发生产。\n报告期内，公司及控股子公司江苏凌瑞取得国家知识产权局颁发的7项专利证书，其中发明专利4项，实用新型专利3项，申报常州市高新技术产品3个。子公司江苏凌瑞成功申报高新技术企业；子公司河南安靠成功取得电力工程施工总承包贰级资质，为公司工程业务发展提供战略支持。\n（二）市场优势\n1、较高的产品认可度和品牌认知度\n公司凭借满足客户需求的产品设计、稳定可靠的产品质量、优质的售后服务逐渐获得了客户的认可。公司是目前国内少数具有500kV电压等级电缆连接件产品运行业绩的企业之一，先后承接了山西同华电力有限公司轩岗电厂项目、三峡集团公司向家坝水电站项目、国家电网北京海淀500kV城市电网项目、国家电网福建仙游抽水蓄能电站项目、国家电网浙江仙居抽水蓄能电站项目、国家电网江西洪屏抽水蓄能电站项目、大唐集团岩滩水电站项目、华电集团金沙江鲁地拉水电站项目、国电集团四川大渡河大岗山水电站项目、大唐集团四川大渡河黄金坪水电站项目、国电集团大渡河猴子岩水电站项目等多个500kV电缆输电系统项目。\nGIL方面，已完成华能济宁电厂220kVGIL工程、江苏中关村220kVGIL工程(江苏时代新能源-余桥变220kV线路工程)，树立了GIL产品先发优势。报告期内，公司城市电力架空线迁改与入地业务日趋成熟，已为无锡荣巷街道220kV惠梁线迁改入地工程、常州武进瓶武线500kVGIL输电项目提供服务，为将来该业务在江苏省内、及全国市场的规模化推广奠定基础。\n2、销售覆盖全国，售后服务专业及时\n17\n\n江苏安靠智能输电工程科技股份有限公司2019年年度报告全文\n输电线路遍布全国，对输电设备的需求也同样遍布全国。对此，公司在全国大多数省份派驻了专业销售人员，分区域覆盖各地的客户和潜在客户。对采用集中采购模式的主要用户，如国家电网、南方电网等企业，由公司集中力量统一负责销售。\n电缆连接件是电缆输电系统中较易发生故障的部分，因此发生故障后能否及时进行抢修是客户非常注重的环节。公司拥有数十名售后服务工程师，并配有专用服务车和规格齐全的备件库。在接到用户的技术服务要求和故障信息后，工作人员可以及时有效解决相关问题。\n公司优质的售后服务获得了众多客户的认可，为未来发展提供了有力保障。\n（三）团队管理优势\n公司自成立以来一直注重人才的储备和管理制度的创新，公司的董事会和管理层成员，普遍具备十年以上的电力行业从业经验或多年财务、管理经验。公司积极推行“以人为本”的人才发展战略，建设和谐团队，一方面采取内部培训的方式，提升员工的技能水平；另一方面充分利用多种渠道吸引高端人才，不断扩充和培养骨干队伍。公司主要管理人员具有丰富的管理经验和行业经验，能够快速把握行业发展趋势，并制定相应经营策略，提升公司的整体经营能力。通过多年的运营，公司培养了一支整体水平较高的技术研发团队，报告期内相关核心技术人员未发生重大变化。公司的技术研发工作始终处于良性循环的轨道，有效地加快了技术成果转化为生产力的进程，拓展了公司的利润增长点。报告期内，通过无锡荣巷项目、常州武进项目等重大GIL工程项目的实施，公司打造了一支行业一流的GIL工程项目团队，为未来同类项目的实施提供了重要保障。团队建设方面，公司开展了一系列培训活动，培训课题45个，培训场次多达65次，人均培训时间和培训总费用较去年大幅提高。公司人员学历水平较2018年末再次提升，硕士研究生较去年增加2人，211/985重点院校较去年增加6\n人，人员结构向高素质、高学历、高技术方向倾斜优化。\n18\n\n江苏安靠智能输电工程科技股份有限公司2019年年度报告全文\n第四节经营情况讨论与分析\n一、概述\n2019年1月，国家电网召开年度工作会议，首次提出“三型两网”概念。建设泛在电力物联网，是国网推进“三型两网”建设的重要内容和关键环节，是国网未来三年的首要政治任务。2019年3月，国网公司对建设泛在电力物联网作出全面部署安排，充分应用“大云物移智”，实现电力系统各环节万物互联、人机交互，具有状态全面感知、信息高效处理、应用便捷灵活特征的智慧服务系统。2019年9月，天津、宁夏、江苏三省泛在专项正式招标，标志着我国电网建设运营正式进入泛在电力物联网发展时代。2019年12月，国网印发《泛在电力物联网2020年重点建设任务大纲》，将在2020年重点开展能源生态、客户服务、生产运行、经营管理、企业中台、智慧物联、基础支撑、技术研究等8个方向、40项重点建设任务，投资规模有望接近500亿。从节奏上看，2019年为启动元年，试点项目会陆续建设以实现带头示范作用；2021\n年将初步建成泛在电力物联网，实现涉电业务线上率70%；2024年将建成泛在电力物联网，实现涉电业务线上率90%，全面形成能源互联网生态圈。\n2018年11月，国网提出高压电缆精益化管理综合平台建设方案及功能需求规范，计划用三年时间全面提升公司高压电缆线路运维管控能力和管理水平。2019年1月，国网设备管理部在京组织召开工作会，宣贯高压电缆专业水平提升三年行动计划（2019～2021年）和高压电缆精益化管理综合平台建设方案及功能需求规范，提出高压电缆专业水平提升三年行动计划的总体思路、工作目标及主要工作内容，计划用三年时间全面提升公司高压电缆线路运维管控能力和管理水平。推进及建设高压电缆精益化管理综合平台，是国网建设泛在电力物联网的重要组成部分。\n另一方面，“城市群”的崛起，日益增长的土地资源需求，则为地下输电行业带来了众多的投资机会和广阔的市场空间。伴随着城市化不断推进，以京津冀、长三角、粤港澳大湾区为代表的“城市群”已成为我国贡献经济增长的核心区域。然而，由于早期城市规划缺乏前瞻性，以“城市架空线”为代表的传统输电线路在城市规模不断扩大的过程中占用了核心城区的大量土地资源，矛盾愈发凸显。因此，把凌乱无序的架空线移入地下已经成了地方政府共识。北京、上海、广东、深圳等一二线城市纷纷规划核心地段的架空线入地工程。\n新能源车、5G的爆发促使电力需求剧增，传统架空电力输送方式已不能满足要求，地下输电技术是解决问题的核心关键。2019年12月3日，工信部发布《新能源汽车产业发展规划(2021-2035年)》(征求意见稿)，到2025年，新能源汽车新车销量占比达25%，智能网联汽车\n19\n\n江苏安靠智能输电工程科技股份有限公司2019年年度报告全文\n新车销量占比高达30%。同时，我国5G基站建设招标等工作加速启动，政府和运营商陆续发布5G规划，业界普遍预计2020年我国将迎来5G建设潮，三大运营商对5G建设的投入也将持续加大。两大产业并驾齐驱对城市输电提出了更高的要求，新能源汽车与5G基站对电能的需求激增，传统架空电缆输电已不能满足巨量电能的输送要求，更大容量、更安全、更智能的地下输电技术将发挥重要作用。\n作为国内领先的地下智能输电领域制造服务企业之一，公司同时掌握了电缆输电、GIL输电两种输电技术，并形成了完整的产品体系，积累了丰富的工程业绩。报告期内，公司电缆连接件及GIL扩建募投项目推进顺利，产能逐步释放，为进一步拓展地下智能输电业务奠定了坚实基础。2019年,电网投资增速持续放缓，其中国网公司电网投资比预算压减12%。2020\n年，电网投资将继续下行，电力设备行业将面临严冬。面对严峻的市场环境，在公司董事会的积极领导下，公司凭借行业领先的品牌、管理及技术优势，公司业务发展基本保持稳定，全年实现营业收入31,802.43万元，归属于母公司的净利润6361.64万元。公司整体经营管理工作如下：\n1、募投项目推进顺利\n报告期内，公司募集资金投资项目总投资额为35,394.42万元，主要投资于电力电缆连接件及GIL扩建项目。截止2019年12月31日，公司募投项目累计已投入资金20,864.89万元，其中工程项目支出14,864.89万元，项目仍在有序推进中。电力电缆连接件和GIL扩建项目的顺利实施，能优化公司产品结构，提升公司的核心竞争力。项目达产后，可进一步增加公司的销售收入，提高公司的净利润水平，经济效益显著。\n2、新业务持续突破，以高质量示范工程引领行业发展\n2019年，公司在GIL输电领域持续突破，两项GIL示范工程高质量建设投运，成功实现GIL输电技术在化工行业的首次运用，“大国重器”再次呈现，公司进一步扩大地下输电领域核心竞争优势，引领行业快速发展。\n无锡荣巷，国内首条220kV单相GIL输电线路，公司克服诸多困难，圆满完成生产、设计、安装、试验等各项任务，顺利完成惠梁线迁改入地工程，确保无锡江南大学太湖学院建设取得圆满成功；常州武进瓶武线500kVGIL输电线路，国网首条500kVGIL城市输电线路。保障百亿“武进新科环保产业园项目”顺利实施，盘活大量土地资源，助力“强富美高”新江苏建设；鲁西化工项目，在与跨国企业、央企的竞争中取胜，成功斩获历史最大订单，为GIL输电技术的多元化行业应用开辟了先河；内蒙古项目，实现220kV三相共箱GIL输电线路在低温极\n20', 'distance': 0.2411886602640152}, {'id': 8, 'text': ""36\n\n江苏安靠智能输电工程科技股份有限公司2019年年度报告全文\n['不适用', '', '', '', '', '', '', '', '', '', '', '']\n['', '', '35,394.4', '35,394.4', '', '20,864.8', '', '', '', '', '', '']\n['合计', '--', '2', '2', '854.55', '9', '--', '--', '388.08', '1,236.91', '--', '--']\n['未达到计划进度或预计收益的情况和原因（分具体项目）', '公司募集资金主要投资于电缆连接件和GIL扩建项目，公司根据市场情况及产品布局分布推进。截至2019年12月31日，公司GIL扩建部分已达到初步建成状态，公司已获得一些工程项目订单，但后续还需较长时间调试、运行、优化等，直至逐步达产和完全达产。公司电缆连接件扩建部分目前仍然在规划当中，相关前期准备工作正在陆续开展，公司后续会持续推进相关工作，项目预计于2020年开工建设。', '', '', '', '', '', '', '', '', '', '']\n['项目可行性发生重大变化的情况说明', '不适用', '', '', '', '', '', '', '', '', '', '']\n['超募', '不适用', '', '', '', '', '', '', '', '', '', '']\n\n37\n\n江苏安靠智能输电工程科技股份有限公司2019年年度报告全文\n['资金的金额、用途及使用进展情况', '']\n['募集资金投资项目实施地点变更情况', '不适用']\n['募集资金投资项目实施方式调整情况', '不适用']\n['募集', '适用']\n\n38\n\n江苏安靠智能输电工程科技股份有限公司2019年年度报告全文\n['资金投资项目先期投入及置换情况', '2017年4月5日，公司第二届董事会第十二次会议审议通过《关于以募集资金置换预先投入募投项目的自筹资金的议案》，经全体董事表决，一致同意以募集资金13,099.56万元置换预先投入募集资金投资项目的自筹资金。其中，电力电缆连接和GIL扩建项目13,099.56万元。', '']\n['用闲置募集资金暂时补充流动资金情况', '', '不适用']\n['项目实施出现募集资金结余的金额及原因', '', '不适用']\n\n39\n\n江苏安靠智能输电工程科技股份有限公司2019年年度报告全文\n['尚未使用的募集资金用途及去向', '公司第三届董事会第十四次会议、第三届监事会第十二次会议审议通过《关于使用闲置募集资金进行现金管理的议案》，公司独立董事、监事会和保荐机构华泰联合证券有限责任公司均发表了明确的同意意见。并于2019年3月21日召开2018年年度股东大会，审议通过了该议案。同意公司在不影响募集资金投资项目建设和公司正常运营的情况下，使用不超过1.5亿元暂时闲置的募集资金购买不超过12个月的保本型理财产品，使用期限为自公司股东大会审议通过之日起12个月。在上述使用期限及额度范围内，资金可以循环滚动使用。后续公司向中信银行股份有限公司常州分行溧阳支行、江苏银行溧阳支行购买了1.5亿元相关保本理财产品，其余资金存放募集资金专用账户中。']\n['募集资金使用及披露中存在的问题或其他情况', '不适用']\n\n（3）募集资金变更项目情况\n□适用√不适用\n公司报告期不存在募集资金变更项目情况。\n六、重大资产和股权出售\n1、出售重大资产情况\n□适用√不适用\n公司报告期未出售重大资产。\n2、出售重大股权情况\n□适用√不适用\n七、主要控股参股公司分析\n√适用□不适用\n主要子公司及对公司净利润影响达10%以上的参股公司情况\n单位：元\n40\n\n江苏安靠智能输电工程科技股份有限公司2019年年度报告全文\n['公司名称', '公司类型', '主要业务', '注册资本', '总资产', '净资产', '营业收入', '营业利润', '净利润']\n['河南安靠电力工程设计有限公司', '子公司', '电力工程勘察设计等', '50,000,000.00', '61,085,619.72', '16,874,930.51', '45,325,882.89', '7,821,876.08', '5,557,627.30']\n['溧阳市常瑞电力科技有限公司', '子公司', '电力器材、机电设备及配件的销售等', '5,000,000.00', '39,871,096.74', '11,405,353.60', '93,314,951.30', '-3,343,640.94', '-3,756,971.45']\n['', '', '中压、高压、超高、特高压电', '', '', '', '', '', '']\n['江苏凌瑞电力科技有限公司', '子公司', '器设备及其配件，部件设计、研', '50,000,000.00', '19,042,961.41', '18,684,581.23', '10,989,666.06', '-2,597,538.22', '-1,954,262.67']\n['', '', '发、制造、测试与销售等', '', '', '', '', '', '']\n['江苏安靠创业投资有限公司', '子公司', '实业投资，创业投资等', '120,000,000.00', '2,914,231.70', '2,493,225.25', '0.00', '-7,941.69', '-6,087.23']\n\n报告期内取得和处置子公司的情况\n□适用√不适用\n主要控股参股公司情况说明\n报告期内，公司加强对子公司的管理，各子公司经营情况稳定，其中河南安靠盈利能力上升。\n八、公司控制的结构化主体情况\n□适用√不适用\n九、公司未来发展的展望\n（一）公司未来发展战略\n41\n\n江苏安靠智能输电工程科技股份有限公司2019年年度报告全文\n公司的长期战略目标是成为“国际领先的超、特高压地下智能输电整体方案供应商”，以电缆连接件及GIL为基础，为客户提供咨询、设计、融资建设、运维、能效管理等电力生态链系统解决方案，实现从传统装备制造型企业向现代先进制造服务型企业的战略转型。\n公司业务发展可概括为“一体两翼”。“一体”指地下智能输电产品的关键技术研发及制造；“两翼”一是指利用地下输电核心技术和工程业绩优势开展架空线入地、泛在电力物联网等新业务。二是指电力工程勘察设计及承包业务向电力客户需求侧的深度拓展。\n传统装备制造领域，公司将发挥技术优势、产品创新优势、资源整合优势，把脉客户和市场的需求，不断进行迭代创新，进一步在实践中根据客户需求“智造”新的地下输电产品：电缆连接件方面，寻找新材料、新技术运用，在现有产品的基础上进行深度开发，打造“适应泛在电力物联网”建设的新产品，解决电缆输电线路产品缺陷，形成电缆输电系统化解决方案；GIL方面，围绕“110-1100kV三相共箱”等关键技术，着重部件、工艺、工程计算、安装工装的论证与研发，与电网、院校开展数据、条件、运行环境等基础研究，力求在GIL部件上进行进一步创新，确保GIL输电的安全可靠。\n新业务上，随着城市的快速扩张，原有高压架空输电线路影响着城市的科学规划，占用了大量宝贵土地资源。新能源、5G的的爆发，对输电容量、方式提出了更高的要求。公司将利用地下输电领域核心技术、产品及业绩优势展开和政府、企业等各方面电力用户的合作，利用架空线入地、迁改来盘活土地资源，提升城市形象，开发潜在市场。\n电力工程勘察设计及电力工程承包业务上，公司未来将直接面向用电客户需求侧，提供咨询、设计、融资建设、运维、能效管理等电力生态链系统解决方案，解决用户需求“难点”、“痛点”。\n2020年，公司将紧紧围绕企业发展战略及年度经营计划，持续经营传统业务，大力发展新业务，实现业绩稳定增长。\n（二）公司拟开展的工作\n1、2020年，公司在不断完善地下智能输电系统产品、技术体系的基础上，将致力于打造电力能源综合管理服务全产业链。公司将依托泛在电力物联网、电力区块链、新能源汽车和5G核心技术，借助国家电网开展高压电缆精益化管理的机遇，实现地下输电的一、二次设备融合。同时，稳步推进工厂预制式综合能源管理智能型变电站业务，研发储能站、智能移动充电车、GIS开关和变压器一体机等众多战略新产品，打造电力能源综合管理服务全产业链。\n2、继续加强架空线入地市场开发，持续推进武汉、佛山、广州、深圳、杭州、西安、南\n42\n\n江苏安靠智能输电工程科技股份有限公司2019年年度报告全文\n京等地的架空线入地项目；抓住粤港澳大湾区、长三角一体化建设给地下智能产业带来的发展机遇，在南京、苏州、常州、溧阳等地进入电网核心迁改业务。\n3、积极做好产品研发和市场开拓工作，消化募投项目建设释放的产能，成为电缆连接件和GIL产品及服务核心供应商。监督和规范公司募集资金使用情况和投资进度，促使公司募投项目产生更好的经济效益。\n4、继续提升公司规范经营和治理水平。公司董事会将根据需要进一步完善公司相关的规章制度，促进公司董事会、管理层严格遵守；继续优化公司的治理机构，提升规范运作水平，为公司的发展提供基础保障，建立更加规范、透明的上市公司运作体系；同时加强内控制度建设，坚持依法治理企业；优化内部控制流程，不断完善风险防范机制，保障公司健康、稳定、可持续发展；审议、决策公司管理过程中的重大事项；跟踪、执行股东大会审议通过的决议事项。\n5、研究公司行业政策、发展动态和公司未来发展战略，坚持把技术创新、管理创新、市场创新作为提升企业核心竞争力的根本手段，按照公司业务发展战略，研究、寻找选择同行业中的收购、兼并或合作等机会，垂直整合相关业务，继续保持产品的丰富性和领先性，努力降低生产成本，促使公司产品的竞争力进一步提升。\n6、不断加强企业内部的创新精神和协作精神，完善企业内控管理制度，将公司的成长与员工的发展有机结合起来，保持公司可持续健康成长。人才是企业最重要的无形资产，妥善打造企业雇主品牌，增强对优秀人才的吸引力，推动企业发展；同时在内部加强培训工作，确保培训体系顺利开展，打造企业内部培训师团队，提升公司整体团队专业技能及职业素养；\n继续加强企业文化建设，在合适时点，开展股权激励计划，增强员工对企业的认同感与忠诚度，提高员工团队凝聚力。检查、监督和规范公司和高级管理人员的日常工作，对发现的违法违规行为，采取督促改正、提起诉讼等不同措施，维护和保障股东权益，促进公司进一步规范运作。\n（三）公司面临的风险\n1、宏观经济增速放缓带来的行业风险\n当前国内国际宏观经济环境下，增长放缓，需求下降。公司所处行业发展与宏观经济环境及下游行业景气度密切相关。当宏观经济处于上升阶段时，新开工上升，电力需求增加，输配电系统投资增加；反之，当宏观经济处于下降阶段时，供需逆转，电力需求减少，输配电系统投资减少。若宏观经济形势发生变化或产业经济发展方向发生重大调整，导致国家电\n43"", 'distance': 0.29589658975601196}]","['公司行业宏观政策：国家能源局发布了关于加快推进一批输变电重点工程规划建设的通知，计划推进特高压交流和直流工程建设，总投资约2000亿元。国家电网提出了""三型两网""概念，其中建设泛在电力物联网是重要内容，公司参与了泛在电力物联网的建设和发展。', '公司行业的发展情况：根据信息，公司在电缆连接件和GIL领域具有技术领先地位，并在相关项目中取得了成功。公司参与制定了国家标准，推动了中国电缆工业的发展。在城市电力架空线迁改和泛在电力物联网等领域，公司具备市场发展潜力。通过提供全面解决方案，公司为客户提供了综合服务，增强了市场竞争力。\n公司所处行业地位：公司在电缆连接件和GIL领域拥有行业领先地位，参与国家标准制定，取得了技术突破和创新。公司在工程项目方面取得了成功，并为多个重要项目提供服务。这些因素使得公司在行业中具备较高的影响力和竞争优势。', '公司行业的发展情况：公司所在的电缆连接件和GIL领域面临良好的发展机遇。随着国家能源政策的支持和能源互联网的建设，电力输变电系统的升级和优化需求增加。同时，城市电力架空线迁改与入地的推进以及泛在电力物联网的建设也为行业提供了新的市场机会。公司凭借其技术领先地位和综合解决方案能力，将能够抓住这些机遇并实现持续发展。\n公司所处行业的地位：公司在电缆连接件和GIL领域具有行业领先地位。公司参与制定了500kV电缆连接件国家标准，推动了中国电缆工业的发展。在GIL领域，公司率先在国内研发出高压到超高压的金属气体绝缘母线，填补了电缆系统的技术空白。公司在相关技术和产品方面取得了重要突破，并成功承接了多个重要工程项目。这些成就树立了公司在行业中的优势地位，增强了其在市场上的竞争力。\n公司的市场前景：公司在电缆连接件和GIL领域具备良好的市场前景。随着城市电力架空线迁改与入地业务的推进，以及泛在电力物联网的发展，市场需求将持续增长。作为技术领先的企业，公司能够提供高质量的产品和综合解决方案，满足市场需求。同时，公司在工程业绩和行业影响力方面也赋予了其市场竞争的优势。未来，公司有望进一步巩固市场地位，拓展业务领域，并取得可持续的发展。']",1.0,"<think>
好的，我需要回答用户关于江苏安靠智能输电工程科技股份有限公司2019年行业发展情况及公司所处行业地位的问题。首先，我需要仔细阅读提供的文本材料，找出相关的信息。

首先，用户的问题包括两个部分：行业的发展情况和公司的行业地位。根据材料中“（五）公司行业的发展情况及公司所处行业地位”部分，这部分应该包含所需的信息。让我先定位到这部分。

在行业宏观政策方面，材料提到了国家能源局和国网公司的多项政策，比如特高压工程规划、泛在电力物联网建设，以及高压电缆精益化管理的三年行动计划。这些政策推动行业的技术升级和投资，尤其是2019年作为泛在电力物联网的启动元年，相关试点项目开始建设，未来几年投资规模大，可能对行业有深远影响。

接下来是行业竞争格局和市场化程度。材料指出，高电压等级电缆连接件市场参与者较少，国产化进程不同。500kV市场原本被进口垄断，现在安靠等国内企业与国外企业竞争。GIL领域，安靠已掌握关键技术，并与西电、平高电气等少数企业竞争，显示出公司在高压领域的竞争力。

行业的周期性和区域性方面，材料提到电气机械制造业与宏观经济相关，经济发达地区是主要市场，中西部地区增长较快。销售季节性方面，电缆连接件业务在下半年集中采购，而GIL等新业务季节性不明显。

关于公司行业地位，材料明确说明安靠在高压及超高压电缆连接件和GIL产品方面处于领先地位，参与制定国家标准，打破国外垄断，推动国产替代。公司承接多个重大项目，如无锡和常州的GIL工程，显示技术实力和市场认可。此外，公司在泛在电力物联网领域有技术储备，如智能巡检机器人、在线监测系统等，具备整体解决方案能力。

综合这些信息，可以总结出行业发展受政策推动，特高压和泛在电力物联网是重点，市场竞争集中在少数企业。安靠凭借技术优势和重大项目经验，在高压电缆连接件和GIL领域处于国内领先地位，并积极参与新技术的应用和市场拓展。
</think>

<steps>
1. 分析行业宏观政策：根据文本，2018-2019年国家能源局和国家电网发布多项政策，包括特高压工程规划、泛在电力物联网建设及高压电缆精益化管理计划，明确了行业技术升级和投资方向。
2. 评估行业竞争格局：高电压电缆连接件市场主要由少数国内企业（如安靠、长缆科技）与进口产品竞争；GIL领域国内参与者较少，安靠已掌握关键技术并与西电、平高电气等企业形成竞争。
3. 确定周期性及区域性特征：行业与宏观经济相关，华东、华南等经济发达地区为主市场，中西部增长加快；电缆连接件销售具季节性，而GIL等新业务无明显季节性。
4. 总结公司行业地位：安靠参与制定500kV电缆连接件国家标准，打破国外垄断，推动超高压电缆国产化；GIL技术领先，完成多项示范工程；泛在电力物联网领域具备技术储备和整体解决方案能力，市场影响力提升。
</steps>
<result>2019年，江苏安靠所处行业受国家特高压建设、泛在电力物联网及高压电缆精益化管理政策驱动，行业竞争集中于少数国内企业。公司在高电压电缆连接件领域打破进口垄断，GIL技术国内领先，参与制定国家标准，承接多项重大工程，并通过泛在电力物联网技术储备巩固行业领先地位。</result>",5,"<think>
好的，我现在需要评估用户提供的答案是否符合标准答案的要求，并根据评分标准给出分数。首先，我要仔细比较用户答案和标准答案的内容。

用户答案主要提到了2019年江苏安靠所处的行业受到国家特高压建设、泛在电力物联网和高压电缆精益化管理政策的驱动，行业竞争集中在少数国内企业。公司打破了高电压电缆连接件的进口垄断，GIL技术国内领先，参与制定国家标准，承接重大工程，并通过泛在电力物联网技术储备巩固了行业地位。

标准答案分为三个部分：宏观政策、行业发展情况与行业地位、以及市场前景。其中，宏观政策部分提到了国家能源局和特高压工程投资，以及国家电网的“三型两网”战略，特别是泛在电力物联网。行业发展情况强调了公司在电缆连接件和GIL领域的领先地位，参与国家标准制定，承接项目，以及提供综合解决方案。行业地位部分详细说明了公司在技术上的突破和项目成果，市场前景部分则提到了城市电力迁改和泛在电力物联网带来的市场机会。

现在分析用户答案是否符合标准答案的核心要素。用户答案涵盖了宏观政策中的特高压和泛在电力物联网，但未提及具体的政策文件如国家能源局的通知和2000亿元的投资，也没有提到“三型两网”概念。在行业发展情况和地位方面，用户提到技术领先、国家标准、重大项目承接，以及泛在电力物联网的技术储备，这些都是标准答案中的要点，但用户答案较为简略，没有详细说明公司如何推动电缆工业发展或具体的技术突破如超高压金属气体绝缘母线。市场前景部分用户没有直接涉及，但提到了巩固行业地位，可能隐含了市场机会。

用户答案没有明显的错误，但缺少了部分细节，例如具体的政策文件名称、投资额、技术突破的具体内容。此外，标准答案中提到的综合解决方案和客户服务在用户答案中也没有明确体现。不过，核心要素如政策驱动、技术领先、国家标准参与、重大项目承接以及泛在电力物联网的参与都被覆盖到了。因此，用户答案部分正确，但遗漏了一些关键细节，比如具体的政策名称和技术细节，导致信息不够完整和具体。根据评分标准，这种情况应评为5分，因为虽然覆盖了部分核心内容，但存在遗漏关键信息的问题，且部分表述较为泛化，没有达到完全准确和详细的要求。
</think>

<result>5</result>"
2019年，江苏安靠智能输电工程科技股份有限公司行业的发展情况及公司所处行业地位如何？,"[{'id': 2, 'text': ""江苏安靠智能输电工程科技股份有限公司2019年年度报告全文\n3、销售模式\n目前公司产品主要销往国内，采用直销模式，即由公司直接将产品销售给客户，不通过经销商销售产品。公司下游需求客户除了国家电网、南方电网和五大发电集团等企业之外，伴随公司IPO募投项目GIL系列产品的快速量产，一线城市、二线城市与三线城市地方政府、及化工等行业企业逐渐成为公司下游新客户群体；公司销售主要通过参与投标的方式开展。\n4、研发模式\n公司主要有两种研发模式，一是根据对市场趋势的判断而进行的自主研发，二是根据不同客户的具体需要进行的定制研发。公司所研发出的产品通过试验并经相关部门检测认证后（若需要）取得进入电网运行的资格。\n（四）主要的业绩驱动因素\n报告期内，基于电缆连接件和GIL关键技术的核心竞争优势及城市电力架空线迁改与入地工程业绩，公司的行业地位和品牌市场影响力获得进一步提升。\n报告期内，公司新业务即GIL输电业务取得有效进展。一方面，公司签署并完成了《无锡荣巷街道220kV惠梁线迁改入地工程GIL设备2X34线供货合同》，合同订单金额1365万元；与江苏嘉能建设发展有限公司签署《常州500kV瓶武线线路迁改工程》项目订单，合同金额2500\n万元。上述两个架空线迁改与入地工程的一次性顺利完工，意味着公司架空线迁改与入地业务逐渐走向成熟，有利于公司此项新业务在江苏省内、及全国市场的推广。另一方面，公司传统业务即电缆连接件生产与销售业务实现稳步发展，如为国内首个海上风电500kV变电站提供安全可靠的输电方案，中标的“三峡如东海上风电柔性直流输电示范项目高压电缆及附件设备采购招标”项目，总金额2580万元；中标“张家港市高新投资发展有限公司的南横套电力线路改造工程”项目，中标金额6549万元；中标“国家电网有限责任公司输变电项目2019\n年第一次35-220千伏设备协议库存采购招标”项目，总金额4033万元。\n（五）公司行业的发展情况及公司所处行业地位\n1、行业宏观政策\n2018年9月，国家能源局印发《关于加快推进一批输变电重点工程规划建设工作的通知》。\n通知指出，为加大基础设施领域补短板力度，发挥重点电网工程在优化投资结构、清洁能源消纳、电力精准扶贫等方面的重要作用，加快推进张北至雄安特高压交流工程等9项重点输变电工程建设。根据通知，本次共规划了12条特高压工程，包括5条特高压直流（陕北至武汉直流特高压、青海至河南直流特高压、雅中至江西直流特高压、白鹤滩至江苏、白鹤滩至浙江）\n12\n\n江苏安靠智能输电工程科技股份有限公司2019年年度报告全文\n和7条交流特高压项目（南阳—荆门—长沙、张北至雄安以及5条配套短距离交流特高压项目），总投资额约2000亿元。\n2019年1月，国家电网召开年度工作会议，首次提出“三型两网”概念。建设泛在电力物联网，是国网推进“三型两网”建设的重要内容和关键环节，是国网未来三年的首要政治任务。2019年3月，国网公司对建设泛在电力物联网作出全面部署安排，充分应用“大云物移智”，实现电力系统各环节万物互联、人机交互，具有状态全面感知、信息高效处理、应用便捷灵活特征的智慧服务系统。2019年9月，天津、宁夏、江苏三省泛在专项正式招标，标志着我国电网建设运营正式进入泛在电力物联网发展时代。2019年12月，国网印发《泛在电力物联网2020年重点建设任务大纲》，将在2020年重点开展能源生态、客户服务、生产运行、经营管理、企业中台、智慧物联、基础支撑、技术研究等8个方向、40项重点建设任务，投资规模有望接近500亿。从节奏上看，2019年为启动元年，试点项目会陆续建设以实现带头示范作用；2021\n年将初步建成泛在电力物联网，实现涉电业务线上率70%；2024年将建成泛在电力物联网，实现涉电业务线上率90%，全面形成能源互联网生态圈。\n2018年11月，国网提出高压电缆精益化管理综合平台建设方案及功能需求规范，计划用三年时间全面提升公司高压电缆线路运维管控能力和管理水平。2019年1月，国网设备管理部在京组织召开工作会，宣贯高压电缆专业水平提升三年行动计划（2019～2021年）和高压电缆精益化管理综合平台建设方案及功能需求规范，提出高压电缆专业水平提升三年行动计划的总体思路、工作目标及主要工作内容，计划用三年时间全面提升公司高压电缆线路运维管控能力和管理水平。推进及建设高压电缆精益化管理综合平台，是国网建设泛在电力物联网的重要组成部分。\n与此同时，未来几年可预见的新能源汽车及5G的爆发，对城市输电技术提出了更高的要求，传统架空电缆输电技术，已不能满足城市日益增长的用电需求，更大容量、更安全、更智能的地下输电技术将发挥重要作用。\n2、行业竞争格局和市场化程度\n高电压等级电缆连接件的技术含量较高，专业生产厂商较少。110kV及以下电压等级电缆连接件生产技术已经比较成熟，国产产品已基本替代进口产品；220kV电缆连接件仍处于国产产品和进口产品相互竞争的状态，国产产品正在逐步替代进口产品；500kV电缆连接件在2009年以前完全被进口产品垄断，目前主要是本公司、长缆科技、长园集团、青岛汉缆、特变电工等少数国内专业厂商和国际知名的电缆系统制造企业进行竞争。\n13\n\n江苏安靠智能输电工程科技股份有限公司2019年年度报告全文\nGIL的研发和生产在国内起步较晚，本公司已掌握220-1100kVGIL输电相关技术，并为华能济宁电厂220kVGIL工程、江苏中关村220kVGIL工程(江苏时代新能源-余桥变220kV线路工程)、无锡荣巷街道220kV惠梁线迁改入地项目、常州武进瓶武线500kVGIL输电项目提供了相关服务。目前国内从事GIL系列产品研发和生产的其他企业主要包括西安西电开关电气有限公司、河南平高电气股份有限公司、厦门ABB高压开关有限公司等少数企业。\n3、行业的周期性、区域性和季节性特点\n电气机械和器材制造业作为输配电及控制设备制造业的一部分，与宏观经济周期存在一定的关联性。由于我国各地区经济发展水平不同，华东、华南、华北等经济相对发达地区是主要市场，近年来，随着国家鼓励西部开发，以及“一带一路”政策的推进，中西部地区的市场增长速度较快。\n电缆连接件系列产品主要运用于输电线路、电力工程等领域，公司下游需求客户主要为国家电网、南方电网及五大发电集团等企业。上述客户一般在上年年末或当年年初制定采购计划，经过较为繁杂的审批程序后组织招标并确定供应商，实际采购主要集中在下半年。因此，行业内企业销售收入具有一定的季节性。公司GIL系列产品生产与销售业务、电力工程承包业务、电力工程勘察设计业务、城市电力架空线迁改与入地业务则不存在明显的季节性。\n4、公司所处的行业地位\n公司主要致力于输变电系统关键部件——高压及超高压电缆连接件系列产品及GIL系列产品的生产与销售，并通过上述基础产品，提供城市电力架空线迁改与入地、电力工程勘察设计及施工服务等。公司关键技术和工程业绩均处于行业领先地位，参与制定了500kV（目前商业化运行电缆系统的最高电压等级）电缆连接件国家标准，公司研发的500kV电缆连接件打破了国外的长期垄断，推动了中国电缆工业由高压到超高压的跨越。公司不断发展与创新，于2015年在国内率先研发出220kV——1100kV金属气体绝缘母线（GIL），弥补了电缆系统不能大容量输电的缺陷；于2017年在国内率先通过“AK-GD1-11001100kV刚性气体绝缘输电线路（GIL）”等四个新产品新技术鉴定，GIL制造水平达到国际或国内先进水平；截至目前，公司先后为华能济宁电厂220kVGIL工程、江苏中关村220kVGIL工程(江苏时代新能源-余桥变220kV线路工程)、无锡荣巷街道220kV惠梁线迁改入地项目、常州武进瓶武线500kVGIL输电项目等提供了相关服务。\n5、公司的市场前景\n由于早期城市规划缺乏前瞻性，以“城市架空线”为代表的传统输电线路在城市规模不\n14\n\n江苏安靠智能输电工程科技股份有限公司2019年年度报告全文\n断扩大的过程中占用了核心城区的大量宝贵土地资源，随着城市的不断发展，把凌乱无序的架空线迁改至地下，逐渐成为共识，而城市圈的崛起，为架空线入地业务的开展，提供了较为广阔的市场机会。2017年习近平总书记视察北京时指出，疏解北京非首都功能才是北京城市规划建设的“牛鼻子”，强调“城市管理应该像绣花一样精细”。随着《首都核心区背街小巷环境整治提升三年（2017-2019年）行动方案》的发布，一场首都核心区的“架空线入地大会战”打响了。截至2019年10月，北京已完成137条道路129公里电力、375条道路225公路路灯、20条道路21公里电车馈线、1509条道路372公里通信架空线入地，拔除线杆1.3万余根；\n金融中心上海，浦东环保市容局在2019年3月发布了《关于崮山路（浦东大道-杨高中路）综合改造工程方案的批复》，同意崮山路（浦东大道-杨高中路）综合改造工程的设计方案，该工程北起浦东大道，南至杨高中路，路线全长1964米，工程完工后将极大地改善道路两旁居民的生活起居和出行。展望未来，我国城市电力架空线迁改与入地行业市场规模达数千亿。\n建设泛在电力物联网，是国网推进“三型两网”建设的重要内容和关键环节。2019年3\n月，国网公司对建设泛在电力物联网作出全面部署安排，充分应用“大云物移智”，实现电力系统各环节万物互联、人机交互，具有状态全面感知、信息高效处理、应用便捷灵活特征的智慧服务系统。从节奏上看，2019年为启动元年，试点项目会陆续建设以实现带头示范作用；\n2021年将初步建成泛在电力物联网，实现涉电业务线上率70%；2024年将建成泛在电力物联网，实现涉电业务线上率90%，全面形成能源互联网生态圈。从国网公司“一年试点、两年推广、三年见效”的实施策略来看，未来几年将逐步加大泛在电力物联网领域的投资力度。公司在二次电力设备领域经营多年，已拥有高压电缆精益化管理平台、智能巡检机器人、电缆在线监测系统等多项技术、产品储备和行业资源，作为拥有泛在电力物联网整体解决方案综合实力的企业之一，公司有望从中受益。\n作为特高压领域的现代装备制造服务型企业之一，公司同时掌握电缆输电、GIL输电两种输电技术，为客户提供地下智能输电系统整体解决方案。电缆连接件领域，公司参与制定了500kV（目前商业化运行电缆系统的最高电压等级）电缆连接件国家标准，公司研发的500kV电缆连接件打破了国外的长期垄断，推动了中国电缆工业由高压到超高压的跨越；GIL领域，公司不断发展与创新，在国内率先研发出220kV—1100kV金属气体绝缘母线（GIL），弥补了电缆系统不能大容量输电的缺陷。公司承接的多个GIL工程项目顺利投运，树立了行业先发优势。\n15\n\n江苏安靠智能输电工程科技股份有限公司2019年年度报告全文\n二、主要资产重大变化情况\n1、主要资产重大变化情况\n['主要资产', '重大变化说明']\n['', '长期股权投资期末余额4521.6元，期初余额47322.31元，下降90.45%，主要系']\n['股权资产', '联营企业亏损所致。']\n['固定资产', '固定资产期初余额为17977万元，期初余额为18404万元，无重大变化。']\n['无形资产', '无形资产期初余额为2789万元，期初余额为2747万元，无重大变化。']\n['在建工程', '在建工程期初余额为269万元，期初余额为291万元，无重大变化。']"", 'distance': 0.18706661462783813}, {'id': 3, 'text': '2、主要境外资产情况\n□适用√不适用\n三、核心竞争力分析\n公司是国家级高新技术企业，在电气试验方面，建立了行业内领先的超、特高压屏蔽试验大厅；在材料研究方面，成立了复合材料试验室；为确保公司产品长期安全运行，还建设了地下输电系统户外试验场，除了可进行常规试验外，还可对电缆输电系统进行长期老化试验，为公司的技术创新提供有力保障。公司先后设立了博士后科研工作站、江苏省电力电缆附件工程技术研究中心、江苏省认定企业技术中心、江苏省智能地下输电工程中心及江苏省工业设计中心。报告期内，公司荣获“江苏省百强创新型企业”、“2018年常州市市长质量奖”。\n公司的核心竞争力主要体现在以下方面：\n（一）技术创新优势\n1、突出的技术优势\n公司专注于电缆连接件系列产品、GIL系列产品及相关产品的研发及生产，掌握了地下智能输电核心技术，并拥有这些产品、技术的自主知识产权。公司依靠自身力量进行自主研发，掌握了电力电缆连接设备及GIL在电力系统中的运行原理、制造工艺和生产、安装技术等，除了满足国内电力建设的需求以外，也提高了我国地下智能输电领域的技术水平，现有的系列产品完全可替代进口产品。\n截至本报告期末，公司拥有有效专利62项，其中发明专利19项、实用新型专利43项。非\n专利技术包括工装模具、设备设计与制造技术；产品生产工艺和制造技术；产品设计、试验\n技术；智能地下输电系统设计和建设技术等。\n16\n\n江苏安靠智能输电工程科技股份有限公司2019年年度报告全文\n2、持续的研发创新能力\n报告期内，公司技术研发实力得到持续提升。在电缆附件方面，公司针对电缆系统在线监测领域开发了智能接地箱，此产品对电缆系统的健康状态起到实时监控及预警作用；为保证线路安全运行，开发了智能防爆灭火中间接头，此产品具有有效防爆、快速灭火、有效控制温升、方便运维测温等优点。上述新产品开发符合国家电网公司提出的建设“泛在电力物联网”战略目标，是公司针对该领域做出的有效尝试，为后续开展相关业务奠定了基础。此外，公司对电缆系统的相关产品制造工艺进行了改善，如改进了中间接头保护壳滚塑材料，解决了产品外观收缩问题；完善了相关产品内部研磨工艺和尾管旋压工艺；提出电缆附件自动焊接机器人方案并取得显著效果；对相关制造工序进行合并和小型改进近32项，大大提升了生产效率。在GIL方面，通过多项示范工程的积累，公司自主完成了第二代GIL产品的研制及生产，掌握了GIL关键技术，核心部件完全实现自主研发生产。\n报告期内，公司及控股子公司江苏凌瑞取得国家知识产权局颁发的7项专利证书，其中发明专利4项，实用新型专利3项，申报常州市高新技术产品3个。子公司江苏凌瑞成功申报高新技术企业；子公司河南安靠成功取得电力工程施工总承包贰级资质，为公司工程业务发展提供战略支持。\n（二）市场优势\n1、较高的产品认可度和品牌认知度\n公司凭借满足客户需求的产品设计、稳定可靠的产品质量、优质的售后服务逐渐获得了客户的认可。公司是目前国内少数具有500kV电压等级电缆连接件产品运行业绩的企业之一，先后承接了山西同华电力有限公司轩岗电厂项目、三峡集团公司向家坝水电站项目、国家电网北京海淀500kV城市电网项目、国家电网福建仙游抽水蓄能电站项目、国家电网浙江仙居抽水蓄能电站项目、国家电网江西洪屏抽水蓄能电站项目、大唐集团岩滩水电站项目、华电集团金沙江鲁地拉水电站项目、国电集团四川大渡河大岗山水电站项目、大唐集团四川大渡河黄金坪水电站项目、国电集团大渡河猴子岩水电站项目等多个500kV电缆输电系统项目。\nGIL方面，已完成华能济宁电厂220kVGIL工程、江苏中关村220kVGIL工程(江苏时代新能源-余桥变220kV线路工程)，树立了GIL产品先发优势。报告期内，公司城市电力架空线迁改与入地业务日趋成熟，已为无锡荣巷街道220kV惠梁线迁改入地工程、常州武进瓶武线500kVGIL输电项目提供服务，为将来该业务在江苏省内、及全国市场的规模化推广奠定基础。\n2、销售覆盖全国，售后服务专业及时\n17\n\n江苏安靠智能输电工程科技股份有限公司2019年年度报告全文\n输电线路遍布全国，对输电设备的需求也同样遍布全国。对此，公司在全国大多数省份派驻了专业销售人员，分区域覆盖各地的客户和潜在客户。对采用集中采购模式的主要用户，如国家电网、南方电网等企业，由公司集中力量统一负责销售。\n电缆连接件是电缆输电系统中较易发生故障的部分，因此发生故障后能否及时进行抢修是客户非常注重的环节。公司拥有数十名售后服务工程师，并配有专用服务车和规格齐全的备件库。在接到用户的技术服务要求和故障信息后，工作人员可以及时有效解决相关问题。\n公司优质的售后服务获得了众多客户的认可，为未来发展提供了有力保障。\n（三）团队管理优势\n公司自成立以来一直注重人才的储备和管理制度的创新，公司的董事会和管理层成员，普遍具备十年以上的电力行业从业经验或多年财务、管理经验。公司积极推行“以人为本”的人才发展战略，建设和谐团队，一方面采取内部培训的方式，提升员工的技能水平；另一方面充分利用多种渠道吸引高端人才，不断扩充和培养骨干队伍。公司主要管理人员具有丰富的管理经验和行业经验，能够快速把握行业发展趋势，并制定相应经营策略，提升公司的整体经营能力。通过多年的运营，公司培养了一支整体水平较高的技术研发团队，报告期内相关核心技术人员未发生重大变化。公司的技术研发工作始终处于良性循环的轨道，有效地加快了技术成果转化为生产力的进程，拓展了公司的利润增长点。报告期内，通过无锡荣巷项目、常州武进项目等重大GIL工程项目的实施，公司打造了一支行业一流的GIL工程项目团队，为未来同类项目的实施提供了重要保障。团队建设方面，公司开展了一系列培训活动，培训课题45个，培训场次多达65次，人均培训时间和培训总费用较去年大幅提高。公司人员学历水平较2018年末再次提升，硕士研究生较去年增加2人，211/985重点院校较去年增加6\n人，人员结构向高素质、高学历、高技术方向倾斜优化。\n18\n\n江苏安靠智能输电工程科技股份有限公司2019年年度报告全文\n第四节经营情况讨论与分析\n一、概述\n2019年1月，国家电网召开年度工作会议，首次提出“三型两网”概念。建设泛在电力物联网，是国网推进“三型两网”建设的重要内容和关键环节，是国网未来三年的首要政治任务。2019年3月，国网公司对建设泛在电力物联网作出全面部署安排，充分应用“大云物移智”，实现电力系统各环节万物互联、人机交互，具有状态全面感知、信息高效处理、应用便捷灵活特征的智慧服务系统。2019年9月，天津、宁夏、江苏三省泛在专项正式招标，标志着我国电网建设运营正式进入泛在电力物联网发展时代。2019年12月，国网印发《泛在电力物联网2020年重点建设任务大纲》，将在2020年重点开展能源生态、客户服务、生产运行、经营管理、企业中台、智慧物联、基础支撑、技术研究等8个方向、40项重点建设任务，投资规模有望接近500亿。从节奏上看，2019年为启动元年，试点项目会陆续建设以实现带头示范作用；2021\n年将初步建成泛在电力物联网，实现涉电业务线上率70%；2024年将建成泛在电力物联网，实现涉电业务线上率90%，全面形成能源互联网生态圈。\n2018年11月，国网提出高压电缆精益化管理综合平台建设方案及功能需求规范，计划用三年时间全面提升公司高压电缆线路运维管控能力和管理水平。2019年1月，国网设备管理部在京组织召开工作会，宣贯高压电缆专业水平提升三年行动计划（2019～2021年）和高压电缆精益化管理综合平台建设方案及功能需求规范，提出高压电缆专业水平提升三年行动计划的总体思路、工作目标及主要工作内容，计划用三年时间全面提升公司高压电缆线路运维管控能力和管理水平。推进及建设高压电缆精益化管理综合平台，是国网建设泛在电力物联网的重要组成部分。\n另一方面，“城市群”的崛起，日益增长的土地资源需求，则为地下输电行业带来了众多的投资机会和广阔的市场空间。伴随着城市化不断推进，以京津冀、长三角、粤港澳大湾区为代表的“城市群”已成为我国贡献经济增长的核心区域。然而，由于早期城市规划缺乏前瞻性，以“城市架空线”为代表的传统输电线路在城市规模不断扩大的过程中占用了核心城区的大量土地资源，矛盾愈发凸显。因此，把凌乱无序的架空线移入地下已经成了地方政府共识。北京、上海、广东、深圳等一二线城市纷纷规划核心地段的架空线入地工程。\n新能源车、5G的爆发促使电力需求剧增，传统架空电力输送方式已不能满足要求，地下输电技术是解决问题的核心关键。2019年12月3日，工信部发布《新能源汽车产业发展规划(2021-2035年)》(征求意见稿)，到2025年，新能源汽车新车销量占比达25%，智能网联汽车\n19\n\n江苏安靠智能输电工程科技股份有限公司2019年年度报告全文\n新车销量占比高达30%。同时，我国5G基站建设招标等工作加速启动，政府和运营商陆续发布5G规划，业界普遍预计2020年我国将迎来5G建设潮，三大运营商对5G建设的投入也将持续加大。两大产业并驾齐驱对城市输电提出了更高的要求，新能源汽车与5G基站对电能的需求激增，传统架空电缆输电已不能满足巨量电能的输送要求，更大容量、更安全、更智能的地下输电技术将发挥重要作用。\n作为国内领先的地下智能输电领域制造服务企业之一，公司同时掌握了电缆输电、GIL输电两种输电技术，并形成了完整的产品体系，积累了丰富的工程业绩。报告期内，公司电缆连接件及GIL扩建募投项目推进顺利，产能逐步释放，为进一步拓展地下智能输电业务奠定了坚实基础。2019年,电网投资增速持续放缓，其中国网公司电网投资比预算压减12%。2020\n年，电网投资将继续下行，电力设备行业将面临严冬。面对严峻的市场环境，在公司董事会的积极领导下，公司凭借行业领先的品牌、管理及技术优势，公司业务发展基本保持稳定，全年实现营业收入31,802.43万元，归属于母公司的净利润6361.64万元。公司整体经营管理工作如下：\n1、募投项目推进顺利\n报告期内，公司募集资金投资项目总投资额为35,394.42万元，主要投资于电力电缆连接件及GIL扩建项目。截止2019年12月31日，公司募投项目累计已投入资金20,864.89万元，其中工程项目支出14,864.89万元，项目仍在有序推进中。电力电缆连接件和GIL扩建项目的顺利实施，能优化公司产品结构，提升公司的核心竞争力。项目达产后，可进一步增加公司的销售收入，提高公司的净利润水平，经济效益显著。\n2、新业务持续突破，以高质量示范工程引领行业发展\n2019年，公司在GIL输电领域持续突破，两项GIL示范工程高质量建设投运，成功实现GIL输电技术在化工行业的首次运用，“大国重器”再次呈现，公司进一步扩大地下输电领域核心竞争优势，引领行业快速发展。\n无锡荣巷，国内首条220kV单相GIL输电线路，公司克服诸多困难，圆满完成生产、设计、安装、试验等各项任务，顺利完成惠梁线迁改入地工程，确保无锡江南大学太湖学院建设取得圆满成功；常州武进瓶武线500kVGIL输电线路，国网首条500kVGIL城市输电线路。保障百亿“武进新科环保产业园项目”顺利实施，盘活大量土地资源，助力“强富美高”新江苏建设；鲁西化工项目，在与跨国企业、央企的竞争中取胜，成功斩获历史最大订单，为GIL输电技术的多元化行业应用开辟了先河；内蒙古项目，实现220kV三相共箱GIL输电线路在低温极\n20', 'distance': 0.2411886602640152}, {'id': 8, 'text': ""36\n\n江苏安靠智能输电工程科技股份有限公司2019年年度报告全文\n['不适用', '', '', '', '', '', '', '', '', '', '', '']\n['', '', '35,394.4', '35,394.4', '', '20,864.8', '', '', '', '', '', '']\n['合计', '--', '2', '2', '854.55', '9', '--', '--', '388.08', '1,236.91', '--', '--']\n['未达到计划进度或预计收益的情况和原因（分具体项目）', '公司募集资金主要投资于电缆连接件和GIL扩建项目，公司根据市场情况及产品布局分布推进。截至2019年12月31日，公司GIL扩建部分已达到初步建成状态，公司已获得一些工程项目订单，但后续还需较长时间调试、运行、优化等，直至逐步达产和完全达产。公司电缆连接件扩建部分目前仍然在规划当中，相关前期准备工作正在陆续开展，公司后续会持续推进相关工作，项目预计于2020年开工建设。', '', '', '', '', '', '', '', '', '', '']\n['项目可行性发生重大变化的情况说明', '不适用', '', '', '', '', '', '', '', '', '', '']\n['超募', '不适用', '', '', '', '', '', '', '', '', '', '']\n\n37\n\n江苏安靠智能输电工程科技股份有限公司2019年年度报告全文\n['资金的金额、用途及使用进展情况', '']\n['募集资金投资项目实施地点变更情况', '不适用']\n['募集资金投资项目实施方式调整情况', '不适用']\n['募集', '适用']\n\n38\n\n江苏安靠智能输电工程科技股份有限公司2019年年度报告全文\n['资金投资项目先期投入及置换情况', '2017年4月5日，公司第二届董事会第十二次会议审议通过《关于以募集资金置换预先投入募投项目的自筹资金的议案》，经全体董事表决，一致同意以募集资金13,099.56万元置换预先投入募集资金投资项目的自筹资金。其中，电力电缆连接和GIL扩建项目13,099.56万元。', '']\n['用闲置募集资金暂时补充流动资金情况', '', '不适用']\n['项目实施出现募集资金结余的金额及原因', '', '不适用']\n\n39\n\n江苏安靠智能输电工程科技股份有限公司2019年年度报告全文\n['尚未使用的募集资金用途及去向', '公司第三届董事会第十四次会议、第三届监事会第十二次会议审议通过《关于使用闲置募集资金进行现金管理的议案》，公司独立董事、监事会和保荐机构华泰联合证券有限责任公司均发表了明确的同意意见。并于2019年3月21日召开2018年年度股东大会，审议通过了该议案。同意公司在不影响募集资金投资项目建设和公司正常运营的情况下，使用不超过1.5亿元暂时闲置的募集资金购买不超过12个月的保本型理财产品，使用期限为自公司股东大会审议通过之日起12个月。在上述使用期限及额度范围内，资金可以循环滚动使用。后续公司向中信银行股份有限公司常州分行溧阳支行、江苏银行溧阳支行购买了1.5亿元相关保本理财产品，其余资金存放募集资金专用账户中。']\n['募集资金使用及披露中存在的问题或其他情况', '不适用']\n\n（3）募集资金变更项目情况\n□适用√不适用\n公司报告期不存在募集资金变更项目情况。\n六、重大资产和股权出售\n1、出售重大资产情况\n□适用√不适用\n公司报告期未出售重大资产。\n2、出售重大股权情况\n□适用√不适用\n七、主要控股参股公司分析\n√适用□不适用\n主要子公司及对公司净利润影响达10%以上的参股公司情况\n单位：元\n40\n\n江苏安靠智能输电工程科技股份有限公司2019年年度报告全文\n['公司名称', '公司类型', '主要业务', '注册资本', '总资产', '净资产', '营业收入', '营业利润', '净利润']\n['河南安靠电力工程设计有限公司', '子公司', '电力工程勘察设计等', '50,000,000.00', '61,085,619.72', '16,874,930.51', '45,325,882.89', '7,821,876.08', '5,557,627.30']\n['溧阳市常瑞电力科技有限公司', '子公司', '电力器材、机电设备及配件的销售等', '5,000,000.00', '39,871,096.74', '11,405,353.60', '93,314,951.30', '-3,343,640.94', '-3,756,971.45']\n['', '', '中压、高压、超高、特高压电', '', '', '', '', '', '']\n['江苏凌瑞电力科技有限公司', '子公司', '器设备及其配件，部件设计、研', '50,000,000.00', '19,042,961.41', '18,684,581.23', '10,989,666.06', '-2,597,538.22', '-1,954,262.67']\n['', '', '发、制造、测试与销售等', '', '', '', '', '', '']\n['江苏安靠创业投资有限公司', '子公司', '实业投资，创业投资等', '120,000,000.00', '2,914,231.70', '2,493,225.25', '0.00', '-7,941.69', '-6,087.23']\n\n报告期内取得和处置子公司的情况\n□适用√不适用\n主要控股参股公司情况说明\n报告期内，公司加强对子公司的管理，各子公司经营情况稳定，其中河南安靠盈利能力上升。\n八、公司控制的结构化主体情况\n□适用√不适用\n九、公司未来发展的展望\n（一）公司未来发展战略\n41\n\n江苏安靠智能输电工程科技股份有限公司2019年年度报告全文\n公司的长期战略目标是成为“国际领先的超、特高压地下智能输电整体方案供应商”，以电缆连接件及GIL为基础，为客户提供咨询、设计、融资建设、运维、能效管理等电力生态链系统解决方案，实现从传统装备制造型企业向现代先进制造服务型企业的战略转型。\n公司业务发展可概括为“一体两翼”。“一体”指地下智能输电产品的关键技术研发及制造；“两翼”一是指利用地下输电核心技术和工程业绩优势开展架空线入地、泛在电力物联网等新业务。二是指电力工程勘察设计及承包业务向电力客户需求侧的深度拓展。\n传统装备制造领域，公司将发挥技术优势、产品创新优势、资源整合优势，把脉客户和市场的需求，不断进行迭代创新，进一步在实践中根据客户需求“智造”新的地下输电产品：电缆连接件方面，寻找新材料、新技术运用，在现有产品的基础上进行深度开发，打造“适应泛在电力物联网”建设的新产品，解决电缆输电线路产品缺陷，形成电缆输电系统化解决方案；GIL方面，围绕“110-1100kV三相共箱”等关键技术，着重部件、工艺、工程计算、安装工装的论证与研发，与电网、院校开展数据、条件、运行环境等基础研究，力求在GIL部件上进行进一步创新，确保GIL输电的安全可靠。\n新业务上，随着城市的快速扩张，原有高压架空输电线路影响着城市的科学规划，占用了大量宝贵土地资源。新能源、5G的的爆发，对输电容量、方式提出了更高的要求。公司将利用地下输电领域核心技术、产品及业绩优势展开和政府、企业等各方面电力用户的合作，利用架空线入地、迁改来盘活土地资源，提升城市形象，开发潜在市场。\n电力工程勘察设计及电力工程承包业务上，公司未来将直接面向用电客户需求侧，提供咨询、设计、融资建设、运维、能效管理等电力生态链系统解决方案，解决用户需求“难点”、“痛点”。\n2020年，公司将紧紧围绕企业发展战略及年度经营计划，持续经营传统业务，大力发展新业务，实现业绩稳定增长。\n（二）公司拟开展的工作\n1、2020年，公司在不断完善地下智能输电系统产品、技术体系的基础上，将致力于打造电力能源综合管理服务全产业链。公司将依托泛在电力物联网、电力区块链、新能源汽车和5G核心技术，借助国家电网开展高压电缆精益化管理的机遇，实现地下输电的一、二次设备融合。同时，稳步推进工厂预制式综合能源管理智能型变电站业务，研发储能站、智能移动充电车、GIS开关和变压器一体机等众多战略新产品，打造电力能源综合管理服务全产业链。\n2、继续加强架空线入地市场开发，持续推进武汉、佛山、广州、深圳、杭州、西安、南\n42\n\n江苏安靠智能输电工程科技股份有限公司2019年年度报告全文\n京等地的架空线入地项目；抓住粤港澳大湾区、长三角一体化建设给地下智能产业带来的发展机遇，在南京、苏州、常州、溧阳等地进入电网核心迁改业务。\n3、积极做好产品研发和市场开拓工作，消化募投项目建设释放的产能，成为电缆连接件和GIL产品及服务核心供应商。监督和规范公司募集资金使用情况和投资进度，促使公司募投项目产生更好的经济效益。\n4、继续提升公司规范经营和治理水平。公司董事会将根据需要进一步完善公司相关的规章制度，促进公司董事会、管理层严格遵守；继续优化公司的治理机构，提升规范运作水平，为公司的发展提供基础保障，建立更加规范、透明的上市公司运作体系；同时加强内控制度建设，坚持依法治理企业；优化内部控制流程，不断完善风险防范机制，保障公司健康、稳定、可持续发展；审议、决策公司管理过程中的重大事项；跟踪、执行股东大会审议通过的决议事项。\n5、研究公司行业政策、发展动态和公司未来发展战略，坚持把技术创新、管理创新、市场创新作为提升企业核心竞争力的根本手段，按照公司业务发展战略，研究、寻找选择同行业中的收购、兼并或合作等机会，垂直整合相关业务，继续保持产品的丰富性和领先性，努力降低生产成本，促使公司产品的竞争力进一步提升。\n6、不断加强企业内部的创新精神和协作精神，完善企业内控管理制度，将公司的成长与员工的发展有机结合起来，保持公司可持续健康成长。人才是企业最重要的无形资产，妥善打造企业雇主品牌，增强对优秀人才的吸引力，推动企业发展；同时在内部加强培训工作，确保培训体系顺利开展，打造企业内部培训师团队，提升公司整体团队专业技能及职业素养；\n继续加强企业文化建设，在合适时点，开展股权激励计划，增强员工对企业的认同感与忠诚度，提高员工团队凝聚力。检查、监督和规范公司和高级管理人员的日常工作，对发现的违法违规行为，采取督促改正、提起诉讼等不同措施，维护和保障股东权益，促进公司进一步规范运作。\n（三）公司面临的风险\n1、宏观经济增速放缓带来的行业风险\n当前国内国际宏观经济环境下，增长放缓，需求下降。公司所处行业发展与宏观经济环境及下游行业景气度密切相关。当宏观经济处于上升阶段时，新开工上升，电力需求增加，输配电系统投资增加；反之，当宏观经济处于下降阶段时，供需逆转，电力需求减少，输配电系统投资减少。若宏观经济形势发生变化或产业经济发展方向发生重大调整，导致国家电\n43"", 'distance': 0.29589658975601196}]","['公司行业宏观政策：国家能源局发布了关于加快推进一批输变电重点工程规划建设的通知，计划推进特高压交流和直流工程建设，总投资约2000亿元。国家电网提出了""三型两网""概念，其中建设泛在电力物联网是重要内容，公司参与了泛在电力物联网的建设和发展。', '公司行业的发展情况：根据信息，公司在电缆连接件和GIL领域具有技术领先地位，并在相关项目中取得了成功。公司参与制定了国家标准，推动了中国电缆工业的发展。在城市电力架空线迁改和泛在电力物联网等领域，公司具备市场发展潜力。通过提供全面解决方案，公司为客户提供了综合服务，增强了市场竞争力。\n公司所处行业地位：公司在电缆连接件和GIL领域拥有行业领先地位，参与国家标准制定，取得了技术突破和创新。公司在工程项目方面取得了成功，并为多个重要项目提供服务。这些因素使得公司在行业中具备较高的影响力和竞争优势。', '公司行业的发展情况：公司所在的电缆连接件和GIL领域面临良好的发展机遇。随着国家能源政策的支持和能源互联网的建设，电力输变电系统的升级和优化需求增加。同时，城市电力架空线迁改与入地的推进以及泛在电力物联网的建设也为行业提供了新的市场机会。公司凭借其技术领先地位和综合解决方案能力，将能够抓住这些机遇并实现持续发展。\n公司所处行业的地位：公司在电缆连接件和GIL领域具有行业领先地位。公司参与制定了500kV电缆连接件国家标准，推动了中国电缆工业的发展。在GIL领域，公司率先在国内研发出高压到超高压的金属气体绝缘母线，填补了电缆系统的技术空白。公司在相关技术和产品方面取得了重要突破，并成功承接了多个重要工程项目。这些成就树立了公司在行业中的优势地位，增强了其在市场上的竞争力。\n公司的市场前景：公司在电缆连接件和GIL领域具备良好的市场前景。随着城市电力架空线迁改与入地业务的推进，以及泛在电力物联网的发展，市场需求将持续增长。作为技术领先的企业，公司能够提供高质量的产品和综合解决方案，满足市场需求。同时，公司在工程业绩和行业影响力方面也赋予了其市场竞争的优势。未来，公司有望进一步巩固市场地位，拓展业务领域，并取得可持续的发展。']",1.0,"<think>
好的，我需要回答用户关于江苏安靠智能输电工程科技股份有限公司在2019年的行业发展情况及公司所处行业地位的问题。首先，我需要仔细阅读提供的文本，并从中提取相关信息。

首先，我应该查看“（五）公司行业的发展情况及公司所处行业地位”这一部分，因为这是直接相关的。根据文本，这里有五个小节：行业宏观政策、行业竞争格局和市场化程度、行业的周期性、区域性和季节性特点、公司所处的行业地位、公司的市场前景。这些部分应该包含所需的信息。

关于行业宏观政策，文中提到国家能源局和国网公司的多项政策，如特高压工程规划、泛在电力物联网建设等，显示行业在政策推动下快速发展。特别是国网公司提出的“三型两网”和泛在电力物联网建设计划，2019年是启动元年，这些政策为行业提供了发展方向和投资机遇。

接下来是行业竞争格局。在电缆连接件方面，高电压等级产品由少数国内企业和国际企业竞争。安靠公司属于国内领先企业之一，尤其是在500kV电缆连接件领域打破了国外垄断。在GIL领域，安靠掌握了多项核心技术，并且是国内少数能够提供相关服务的企业之一，竞争对手包括西开电气、平高电气等。

公司所处的行业地位部分明确指出，安靠在高压及超高压电缆连接件和GIL产品方面处于领先地位，参与了国家标准的制定，并且有多个成功项目案例。例如，他们研发的500kV电缆连接件推动了国内电缆工业的发展，GIL技术也填补了国内空白。

此外，公司的市场前景部分提到城市架空线入地工程和泛在电力物联网带来的机遇，安靠凭借技术优势在这些领域有较大的发展空间。例如，北京、上海等地的架空线入地项目，以及国网公司的泛在电力物联网建设计划，都为公司提供了新的业务增长点。

综合这些信息，安靠公司在2019年处于行业领先地位，特别是在高压电缆连接件和GIL产品方面具有技术优势和市场竞争优势，同时受益于国家政策支持和市场需求增长，如城市输电改造和新能源发展带来的机遇。需要确保这些信息都来自提供的文本，而不是外部知识。
</think>

<steps>
1. 首先，查阅[Passage]中关于“（五）公司行业的发展情况及公司所处行业地位”部分，明确其细分内容。
2. 行业宏观政策方面，国家能源局2018年规划了12条特高压工程（包括5直流7交流），总投资约2000亿元；国网2019年提出“三型两网”战略，重点建设泛在电力物联网，2020年计划投资近500亿，2019-2024年为实施关键期。这些政策推动电网智能化升级，为输配电设备行业提供增长空间。
3. 行业竞争格局显示，500kV电缆连接件曾长期被进口垄断，但国内厂商如安靠、长缆科技等已实现国产替代；GIL领域国内起步较晚，安靠掌握220-1100kV技术，主要竞争对手为西开电气、平高电气等少数企业，表明公司在高电压等级产品中属于核心参与者。
4. 公司行业地位部分明确指出，安靠参与制定500kV电缆连接件国家标准，其产品打破国外垄断，推动国内电缆工业超高压跨越；GIL领域率先研发220-1100kV产品，完成多项示范工程（如无锡荣巷、常州瓶武线项目），技术达国际或国内先进水平，工程业绩领先。
5. 市场前景方面，城市架空线入地（如北京、上海项目）和泛在电力物联网建设带来数千亿规模需求，公司拥有高压电缆精益化管理平台等技术储备，具备泛在电力物联网整体解决方案能力，有望受益于行业扩容。
</steps>
<result>2019年，江苏安靠所处行业受国家特高压工程、泛在电力物联网建设等政策驱动，市场需求增长。在竞争格局中，公司是500kV电缆连接件国产化核心企业，GIL技术国内领先，参与制定国家标准，拥有无锡、常州等标杆项目，行业地位突出。同时，城市架空线迁改与泛在电力物联网为公司带来新机遇，其技术储备和工程业绩巩固了在智能输电领域的领先优势。</result>",5,"<think>
好的，我现在要评估用户的答案是否符合标准答案的要求，并给出相应的评分。首先，我需要仔细阅读用户提供的答案和标准答案，然后逐一比较两者的内容，检查是否覆盖了所有核心要素，结论是否一致，以及表述的准确性。

用户答案主要分几个部分：首先提到了2019年行业受国家特高压工程和泛在电力物联网政策驱动，市场需求增长。接着描述了公司在竞争格局中的位置，包括500kV电缆连接件国产化、GIL技术领先、参与制定国标、标杆项目等。还提到城市架空线迁改和泛在电力物联网带来的新机遇，以及技术储备和工程业绩巩固了智能输电领域的优势。

标准答案则更为详细，分为公司行业宏观政策、行业发展情况、行业地位和市场前景等部分。其中宏观政策提到了具体的政策文件、投资金额（2000亿元）和“三型两网”概念。行业发展情况包括公司在电缆连接件和GIL领域的技术领先、国标制定、城市迁改和物联网带来的机会。行业地位部分强调了国家标准制定、技术突破、项目成功案例，而市场前景则展望了未来的增长潜力。

对比两者，用户答案覆盖了标准答案中的大部分核心要素：政策驱动因素、公司的技术地位、参与国标、标杆项目、市场机遇。但用户答案没有提到具体的政策文件名称（如国家能源局的通知）、2000亿元投资额以及“三型两网”概念这些细节。此外，用户答案在行业地位和市场前景的描述上较为简略，而标准答案更详细，比如提到填补技术空白、具体工程项目等。

然而，用户答案的结论与标准答案在主体上是一致的，都确认了公司在行业中的领先地位、政策驱动的机遇以及技术优势。虽然用户答案省略了一些具体数据，但核心要素如特高压工程、泛在电力物联网、国标制定、技术领先等都被涵盖，且没有错误信息。表述上虽然有些用词不同，但逻辑等效，例如“国家电网提出了'三型两网'”在用户答案中可能被简化为“国家特高压工程、泛在电力物联网建设”，但整体政策驱动因素一致。

根据评分标准，用户答案遗漏了部分关键细节（如具体政策文件、投资金额），但覆盖了所有核心主体和正确结论，没有错误，因此可能存在部分正确的情况。但评分标准提到，如果核心要素完整覆盖且结论一致，尽管有合理的形式差异，应给10分。用户答案虽然没有提到2000亿投资额，但政策驱动的大方向是正确的，且其他核心要素如技术领先、国标参与等都被正确提及。因此，可能存在部分正确和完全正确之间的权衡。

仔细看评分标准中的10分要求是“完整覆盖所有核心要素”，用户答案是否遗漏了“国家能源局的通知”和“2000亿投资”这些属于核心要素？在标准答案中，这些是作为宏观政策的重要部分，而用户答案提到国家政策但没有具体名称和金额，可能属于部分遗漏关键信息，导致应扣分至5分。但另一方面，用户答案在行业分析部分正确提到了公司的地位和机遇，这部分与标准答案一致，可能属于部分正确。

需要判断这些遗漏是否是关键信息。例如，政策名称和金额是否为必须的核心要素，还是可以省略的细节。根据标准答案的结构，公司行业宏观政策部分确实提到了具体文件和金额，这可能被视为核心要素之一。用户答案没有提到这些，可能属于遗漏关键信息，导致部分正确。但另一方面，用户答案的其他部分正确覆盖了行业情况、地位和市场前景的核心点，且没有错误。

根据评分标准，5分的条件是部分正确，存在遗漏关键信息或核心主体，或者表述模糊。用户答案可能因为遗漏政策文件名称和投资金额，属于遗漏关键信息，因此应给5分。但需要确认这些是否属于核心要素。如果这些信息是核心，则用户答案不完全覆盖，得5分。如果这些信息被视为次要细节，而主要结论正确，可能得10分。

在此案例中，标准答案中的“国家能源局的通知”和“2000亿元”属于具体数据，可能被视为核心要素，因为它们提供了政策的具体依据和量化信息。用户答案虽然没有虚构这些信息，但未包含，可能属于遗漏关键信息，导致部分正确。因此，最终评分应为5分。
</think>

<result>5</result>"
2019年，江苏安靠智能输电工程科技股份有限公司行业的发展情况及公司所处行业地位如何？,"[{'id': 2, 'text': ""江苏安靠智能输电工程科技股份有限公司2019年年度报告全文\n3、销售模式\n目前公司产品主要销往国内，采用直销模式，即由公司直接将产品销售给客户，不通过经销商销售产品。公司下游需求客户除了国家电网、南方电网和五大发电集团等企业之外，伴随公司IPO募投项目GIL系列产品的快速量产，一线城市、二线城市与三线城市地方政府、及化工等行业企业逐渐成为公司下游新客户群体；公司销售主要通过参与投标的方式开展。\n4、研发模式\n公司主要有两种研发模式，一是根据对市场趋势的判断而进行的自主研发，二是根据不同客户的具体需要进行的定制研发。公司所研发出的产品通过试验并经相关部门检测认证后（若需要）取得进入电网运行的资格。\n（四）主要的业绩驱动因素\n报告期内，基于电缆连接件和GIL关键技术的核心竞争优势及城市电力架空线迁改与入地工程业绩，公司的行业地位和品牌市场影响力获得进一步提升。\n报告期内，公司新业务即GIL输电业务取得有效进展。一方面，公司签署并完成了《无锡荣巷街道220kV惠梁线迁改入地工程GIL设备2X34线供货合同》，合同订单金额1365万元；与江苏嘉能建设发展有限公司签署《常州500kV瓶武线线路迁改工程》项目订单，合同金额2500\n万元。上述两个架空线迁改与入地工程的一次性顺利完工，意味着公司架空线迁改与入地业务逐渐走向成熟，有利于公司此项新业务在江苏省内、及全国市场的推广。另一方面，公司传统业务即电缆连接件生产与销售业务实现稳步发展，如为国内首个海上风电500kV变电站提供安全可靠的输电方案，中标的“三峡如东海上风电柔性直流输电示范项目高压电缆及附件设备采购招标”项目，总金额2580万元；中标“张家港市高新投资发展有限公司的南横套电力线路改造工程”项目，中标金额6549万元；中标“国家电网有限责任公司输变电项目2019\n年第一次35-220千伏设备协议库存采购招标”项目，总金额4033万元。\n（五）公司行业的发展情况及公司所处行业地位\n1、行业宏观政策\n2018年9月，国家能源局印发《关于加快推进一批输变电重点工程规划建设工作的通知》。\n通知指出，为加大基础设施领域补短板力度，发挥重点电网工程在优化投资结构、清洁能源消纳、电力精准扶贫等方面的重要作用，加快推进张北至雄安特高压交流工程等9项重点输变电工程建设。根据通知，本次共规划了12条特高压工程，包括5条特高压直流（陕北至武汉直流特高压、青海至河南直流特高压、雅中至江西直流特高压、白鹤滩至江苏、白鹤滩至浙江）\n12\n\n江苏安靠智能输电工程科技股份有限公司2019年年度报告全文\n和7条交流特高压项目（南阳—荆门—长沙、张北至雄安以及5条配套短距离交流特高压项目），总投资额约2000亿元。\n2019年1月，国家电网召开年度工作会议，首次提出“三型两网”概念。建设泛在电力物联网，是国网推进“三型两网”建设的重要内容和关键环节，是国网未来三年的首要政治任务。2019年3月，国网公司对建设泛在电力物联网作出全面部署安排，充分应用“大云物移智”，实现电力系统各环节万物互联、人机交互，具有状态全面感知、信息高效处理、应用便捷灵活特征的智慧服务系统。2019年9月，天津、宁夏、江苏三省泛在专项正式招标，标志着我国电网建设运营正式进入泛在电力物联网发展时代。2019年12月，国网印发《泛在电力物联网2020年重点建设任务大纲》，将在2020年重点开展能源生态、客户服务、生产运行、经营管理、企业中台、智慧物联、基础支撑、技术研究等8个方向、40项重点建设任务，投资规模有望接近500亿。从节奏上看，2019年为启动元年，试点项目会陆续建设以实现带头示范作用；2021\n年将初步建成泛在电力物联网，实现涉电业务线上率70%；2024年将建成泛在电力物联网，实现涉电业务线上率90%，全面形成能源互联网生态圈。\n2018年11月，国网提出高压电缆精益化管理综合平台建设方案及功能需求规范，计划用三年时间全面提升公司高压电缆线路运维管控能力和管理水平。2019年1月，国网设备管理部在京组织召开工作会，宣贯高压电缆专业水平提升三年行动计划（2019～2021年）和高压电缆精益化管理综合平台建设方案及功能需求规范，提出高压电缆专业水平提升三年行动计划的总体思路、工作目标及主要工作内容，计划用三年时间全面提升公司高压电缆线路运维管控能力和管理水平。推进及建设高压电缆精益化管理综合平台，是国网建设泛在电力物联网的重要组成部分。\n与此同时，未来几年可预见的新能源汽车及5G的爆发，对城市输电技术提出了更高的要求，传统架空电缆输电技术，已不能满足城市日益增长的用电需求，更大容量、更安全、更智能的地下输电技术将发挥重要作用。\n2、行业竞争格局和市场化程度\n高电压等级电缆连接件的技术含量较高，专业生产厂商较少。110kV及以下电压等级电缆连接件生产技术已经比较成熟，国产产品已基本替代进口产品；220kV电缆连接件仍处于国产产品和进口产品相互竞争的状态，国产产品正在逐步替代进口产品；500kV电缆连接件在2009年以前完全被进口产品垄断，目前主要是本公司、长缆科技、长园集团、青岛汉缆、特变电工等少数国内专业厂商和国际知名的电缆系统制造企业进行竞争。\n13\n\n江苏安靠智能输电工程科技股份有限公司2019年年度报告全文\nGIL的研发和生产在国内起步较晚，本公司已掌握220-1100kVGIL输电相关技术，并为华能济宁电厂220kVGIL工程、江苏中关村220kVGIL工程(江苏时代新能源-余桥变220kV线路工程)、无锡荣巷街道220kV惠梁线迁改入地项目、常州武进瓶武线500kVGIL输电项目提供了相关服务。目前国内从事GIL系列产品研发和生产的其他企业主要包括西安西电开关电气有限公司、河南平高电气股份有限公司、厦门ABB高压开关有限公司等少数企业。\n3、行业的周期性、区域性和季节性特点\n电气机械和器材制造业作为输配电及控制设备制造业的一部分，与宏观经济周期存在一定的关联性。由于我国各地区经济发展水平不同，华东、华南、华北等经济相对发达地区是主要市场，近年来，随着国家鼓励西部开发，以及“一带一路”政策的推进，中西部地区的市场增长速度较快。\n电缆连接件系列产品主要运用于输电线路、电力工程等领域，公司下游需求客户主要为国家电网、南方电网及五大发电集团等企业。上述客户一般在上年年末或当年年初制定采购计划，经过较为繁杂的审批程序后组织招标并确定供应商，实际采购主要集中在下半年。因此，行业内企业销售收入具有一定的季节性。公司GIL系列产品生产与销售业务、电力工程承包业务、电力工程勘察设计业务、城市电力架空线迁改与入地业务则不存在明显的季节性。\n4、公司所处的行业地位\n公司主要致力于输变电系统关键部件——高压及超高压电缆连接件系列产品及GIL系列产品的生产与销售，并通过上述基础产品，提供城市电力架空线迁改与入地、电力工程勘察设计及施工服务等。公司关键技术和工程业绩均处于行业领先地位，参与制定了500kV（目前商业化运行电缆系统的最高电压等级）电缆连接件国家标准，公司研发的500kV电缆连接件打破了国外的长期垄断，推动了中国电缆工业由高压到超高压的跨越。公司不断发展与创新，于2015年在国内率先研发出220kV——1100kV金属气体绝缘母线（GIL），弥补了电缆系统不能大容量输电的缺陷；于2017年在国内率先通过“AK-GD1-11001100kV刚性气体绝缘输电线路（GIL）”等四个新产品新技术鉴定，GIL制造水平达到国际或国内先进水平；截至目前，公司先后为华能济宁电厂220kVGIL工程、江苏中关村220kVGIL工程(江苏时代新能源-余桥变220kV线路工程)、无锡荣巷街道220kV惠梁线迁改入地项目、常州武进瓶武线500kVGIL输电项目等提供了相关服务。\n5、公司的市场前景\n由于早期城市规划缺乏前瞻性，以“城市架空线”为代表的传统输电线路在城市规模不\n14\n\n江苏安靠智能输电工程科技股份有限公司2019年年度报告全文\n断扩大的过程中占用了核心城区的大量宝贵土地资源，随着城市的不断发展，把凌乱无序的架空线迁改至地下，逐渐成为共识，而城市圈的崛起，为架空线入地业务的开展，提供了较为广阔的市场机会。2017年习近平总书记视察北京时指出，疏解北京非首都功能才是北京城市规划建设的“牛鼻子”，强调“城市管理应该像绣花一样精细”。随着《首都核心区背街小巷环境整治提升三年（2017-2019年）行动方案》的发布，一场首都核心区的“架空线入地大会战”打响了。截至2019年10月，北京已完成137条道路129公里电力、375条道路225公路路灯、20条道路21公里电车馈线、1509条道路372公里通信架空线入地，拔除线杆1.3万余根；\n金融中心上海，浦东环保市容局在2019年3月发布了《关于崮山路（浦东大道-杨高中路）综合改造工程方案的批复》，同意崮山路（浦东大道-杨高中路）综合改造工程的设计方案，该工程北起浦东大道，南至杨高中路，路线全长1964米，工程完工后将极大地改善道路两旁居民的生活起居和出行。展望未来，我国城市电力架空线迁改与入地行业市场规模达数千亿。\n建设泛在电力物联网，是国网推进“三型两网”建设的重要内容和关键环节。2019年3\n月，国网公司对建设泛在电力物联网作出全面部署安排，充分应用“大云物移智”，实现电力系统各环节万物互联、人机交互，具有状态全面感知、信息高效处理、应用便捷灵活特征的智慧服务系统。从节奏上看，2019年为启动元年，试点项目会陆续建设以实现带头示范作用；\n2021年将初步建成泛在电力物联网，实现涉电业务线上率70%；2024年将建成泛在电力物联网，实现涉电业务线上率90%，全面形成能源互联网生态圈。从国网公司“一年试点、两年推广、三年见效”的实施策略来看，未来几年将逐步加大泛在电力物联网领域的投资力度。公司在二次电力设备领域经营多年，已拥有高压电缆精益化管理平台、智能巡检机器人、电缆在线监测系统等多项技术、产品储备和行业资源，作为拥有泛在电力物联网整体解决方案综合实力的企业之一，公司有望从中受益。\n作为特高压领域的现代装备制造服务型企业之一，公司同时掌握电缆输电、GIL输电两种输电技术，为客户提供地下智能输电系统整体解决方案。电缆连接件领域，公司参与制定了500kV（目前商业化运行电缆系统的最高电压等级）电缆连接件国家标准，公司研发的500kV电缆连接件打破了国外的长期垄断，推动了中国电缆工业由高压到超高压的跨越；GIL领域，公司不断发展与创新，在国内率先研发出220kV—1100kV金属气体绝缘母线（GIL），弥补了电缆系统不能大容量输电的缺陷。公司承接的多个GIL工程项目顺利投运，树立了行业先发优势。\n15\n\n江苏安靠智能输电工程科技股份有限公司2019年年度报告全文\n二、主要资产重大变化情况\n1、主要资产重大变化情况\n['主要资产', '重大变化说明']\n['', '长期股权投资期末余额4521.6元，期初余额47322.31元，下降90.45%，主要系']\n['股权资产', '联营企业亏损所致。']\n['固定资产', '固定资产期初余额为17977万元，期初余额为18404万元，无重大变化。']\n['无形资产', '无形资产期初余额为2789万元，期初余额为2747万元，无重大变化。']\n['在建工程', '在建工程期初余额为269万元，期初余额为291万元，无重大变化。']"", 'distance': 0.18706661462783813}, {'id': 3, 'text': '2、主要境外资产情况\n□适用√不适用\n三、核心竞争力分析\n公司是国家级高新技术企业，在电气试验方面，建立了行业内领先的超、特高压屏蔽试验大厅；在材料研究方面，成立了复合材料试验室；为确保公司产品长期安全运行，还建设了地下输电系统户外试验场，除了可进行常规试验外，还可对电缆输电系统进行长期老化试验，为公司的技术创新提供有力保障。公司先后设立了博士后科研工作站、江苏省电力电缆附件工程技术研究中心、江苏省认定企业技术中心、江苏省智能地下输电工程中心及江苏省工业设计中心。报告期内，公司荣获“江苏省百强创新型企业”、“2018年常州市市长质量奖”。\n公司的核心竞争力主要体现在以下方面：\n（一）技术创新优势\n1、突出的技术优势\n公司专注于电缆连接件系列产品、GIL系列产品及相关产品的研发及生产，掌握了地下智能输电核心技术，并拥有这些产品、技术的自主知识产权。公司依靠自身力量进行自主研发，掌握了电力电缆连接设备及GIL在电力系统中的运行原理、制造工艺和生产、安装技术等，除了满足国内电力建设的需求以外，也提高了我国地下智能输电领域的技术水平，现有的系列产品完全可替代进口产品。\n截至本报告期末，公司拥有有效专利62项，其中发明专利19项、实用新型专利43项。非\n专利技术包括工装模具、设备设计与制造技术；产品生产工艺和制造技术；产品设计、试验\n技术；智能地下输电系统设计和建设技术等。\n16\n\n江苏安靠智能输电工程科技股份有限公司2019年年度报告全文\n2、持续的研发创新能力\n报告期内，公司技术研发实力得到持续提升。在电缆附件方面，公司针对电缆系统在线监测领域开发了智能接地箱，此产品对电缆系统的健康状态起到实时监控及预警作用；为保证线路安全运行，开发了智能防爆灭火中间接头，此产品具有有效防爆、快速灭火、有效控制温升、方便运维测温等优点。上述新产品开发符合国家电网公司提出的建设“泛在电力物联网”战略目标，是公司针对该领域做出的有效尝试，为后续开展相关业务奠定了基础。此外，公司对电缆系统的相关产品制造工艺进行了改善，如改进了中间接头保护壳滚塑材料，解决了产品外观收缩问题；完善了相关产品内部研磨工艺和尾管旋压工艺；提出电缆附件自动焊接机器人方案并取得显著效果；对相关制造工序进行合并和小型改进近32项，大大提升了生产效率。在GIL方面，通过多项示范工程的积累，公司自主完成了第二代GIL产品的研制及生产，掌握了GIL关键技术，核心部件完全实现自主研发生产。\n报告期内，公司及控股子公司江苏凌瑞取得国家知识产权局颁发的7项专利证书，其中发明专利4项，实用新型专利3项，申报常州市高新技术产品3个。子公司江苏凌瑞成功申报高新技术企业；子公司河南安靠成功取得电力工程施工总承包贰级资质，为公司工程业务发展提供战略支持。\n（二）市场优势\n1、较高的产品认可度和品牌认知度\n公司凭借满足客户需求的产品设计、稳定可靠的产品质量、优质的售后服务逐渐获得了客户的认可。公司是目前国内少数具有500kV电压等级电缆连接件产品运行业绩的企业之一，先后承接了山西同华电力有限公司轩岗电厂项目、三峡集团公司向家坝水电站项目、国家电网北京海淀500kV城市电网项目、国家电网福建仙游抽水蓄能电站项目、国家电网浙江仙居抽水蓄能电站项目、国家电网江西洪屏抽水蓄能电站项目、大唐集团岩滩水电站项目、华电集团金沙江鲁地拉水电站项目、国电集团四川大渡河大岗山水电站项目、大唐集团四川大渡河黄金坪水电站项目、国电集团大渡河猴子岩水电站项目等多个500kV电缆输电系统项目。\nGIL方面，已完成华能济宁电厂220kVGIL工程、江苏中关村220kVGIL工程(江苏时代新能源-余桥变220kV线路工程)，树立了GIL产品先发优势。报告期内，公司城市电力架空线迁改与入地业务日趋成熟，已为无锡荣巷街道220kV惠梁线迁改入地工程、常州武进瓶武线500kVGIL输电项目提供服务，为将来该业务在江苏省内、及全国市场的规模化推广奠定基础。\n2、销售覆盖全国，售后服务专业及时\n17\n\n江苏安靠智能输电工程科技股份有限公司2019年年度报告全文\n输电线路遍布全国，对输电设备的需求也同样遍布全国。对此，公司在全国大多数省份派驻了专业销售人员，分区域覆盖各地的客户和潜在客户。对采用集中采购模式的主要用户，如国家电网、南方电网等企业，由公司集中力量统一负责销售。\n电缆连接件是电缆输电系统中较易发生故障的部分，因此发生故障后能否及时进行抢修是客户非常注重的环节。公司拥有数十名售后服务工程师，并配有专用服务车和规格齐全的备件库。在接到用户的技术服务要求和故障信息后，工作人员可以及时有效解决相关问题。\n公司优质的售后服务获得了众多客户的认可，为未来发展提供了有力保障。\n（三）团队管理优势\n公司自成立以来一直注重人才的储备和管理制度的创新，公司的董事会和管理层成员，普遍具备十年以上的电力行业从业经验或多年财务、管理经验。公司积极推行“以人为本”的人才发展战略，建设和谐团队，一方面采取内部培训的方式，提升员工的技能水平；另一方面充分利用多种渠道吸引高端人才，不断扩充和培养骨干队伍。公司主要管理人员具有丰富的管理经验和行业经验，能够快速把握行业发展趋势，并制定相应经营策略，提升公司的整体经营能力。通过多年的运营，公司培养了一支整体水平较高的技术研发团队，报告期内相关核心技术人员未发生重大变化。公司的技术研发工作始终处于良性循环的轨道，有效地加快了技术成果转化为生产力的进程，拓展了公司的利润增长点。报告期内，通过无锡荣巷项目、常州武进项目等重大GIL工程项目的实施，公司打造了一支行业一流的GIL工程项目团队，为未来同类项目的实施提供了重要保障。团队建设方面，公司开展了一系列培训活动，培训课题45个，培训场次多达65次，人均培训时间和培训总费用较去年大幅提高。公司人员学历水平较2018年末再次提升，硕士研究生较去年增加2人，211/985重点院校较去年增加6\n人，人员结构向高素质、高学历、高技术方向倾斜优化。\n18\n\n江苏安靠智能输电工程科技股份有限公司2019年年度报告全文\n第四节经营情况讨论与分析\n一、概述\n2019年1月，国家电网召开年度工作会议，首次提出“三型两网”概念。建设泛在电力物联网，是国网推进“三型两网”建设的重要内容和关键环节，是国网未来三年的首要政治任务。2019年3月，国网公司对建设泛在电力物联网作出全面部署安排，充分应用“大云物移智”，实现电力系统各环节万物互联、人机交互，具有状态全面感知、信息高效处理、应用便捷灵活特征的智慧服务系统。2019年9月，天津、宁夏、江苏三省泛在专项正式招标，标志着我国电网建设运营正式进入泛在电力物联网发展时代。2019年12月，国网印发《泛在电力物联网2020年重点建设任务大纲》，将在2020年重点开展能源生态、客户服务、生产运行、经营管理、企业中台、智慧物联、基础支撑、技术研究等8个方向、40项重点建设任务，投资规模有望接近500亿。从节奏上看，2019年为启动元年，试点项目会陆续建设以实现带头示范作用；2021\n年将初步建成泛在电力物联网，实现涉电业务线上率70%；2024年将建成泛在电力物联网，实现涉电业务线上率90%，全面形成能源互联网生态圈。\n2018年11月，国网提出高压电缆精益化管理综合平台建设方案及功能需求规范，计划用三年时间全面提升公司高压电缆线路运维管控能力和管理水平。2019年1月，国网设备管理部在京组织召开工作会，宣贯高压电缆专业水平提升三年行动计划（2019～2021年）和高压电缆精益化管理综合平台建设方案及功能需求规范，提出高压电缆专业水平提升三年行动计划的总体思路、工作目标及主要工作内容，计划用三年时间全面提升公司高压电缆线路运维管控能力和管理水平。推进及建设高压电缆精益化管理综合平台，是国网建设泛在电力物联网的重要组成部分。\n另一方面，“城市群”的崛起，日益增长的土地资源需求，则为地下输电行业带来了众多的投资机会和广阔的市场空间。伴随着城市化不断推进，以京津冀、长三角、粤港澳大湾区为代表的“城市群”已成为我国贡献经济增长的核心区域。然而，由于早期城市规划缺乏前瞻性，以“城市架空线”为代表的传统输电线路在城市规模不断扩大的过程中占用了核心城区的大量土地资源，矛盾愈发凸显。因此，把凌乱无序的架空线移入地下已经成了地方政府共识。北京、上海、广东、深圳等一二线城市纷纷规划核心地段的架空线入地工程。\n新能源车、5G的爆发促使电力需求剧增，传统架空电力输送方式已不能满足要求，地下输电技术是解决问题的核心关键。2019年12月3日，工信部发布《新能源汽车产业发展规划(2021-2035年)》(征求意见稿)，到2025年，新能源汽车新车销量占比达25%，智能网联汽车\n19\n\n江苏安靠智能输电工程科技股份有限公司2019年年度报告全文\n新车销量占比高达30%。同时，我国5G基站建设招标等工作加速启动，政府和运营商陆续发布5G规划，业界普遍预计2020年我国将迎来5G建设潮，三大运营商对5G建设的投入也将持续加大。两大产业并驾齐驱对城市输电提出了更高的要求，新能源汽车与5G基站对电能的需求激增，传统架空电缆输电已不能满足巨量电能的输送要求，更大容量、更安全、更智能的地下输电技术将发挥重要作用。\n作为国内领先的地下智能输电领域制造服务企业之一，公司同时掌握了电缆输电、GIL输电两种输电技术，并形成了完整的产品体系，积累了丰富的工程业绩。报告期内，公司电缆连接件及GIL扩建募投项目推进顺利，产能逐步释放，为进一步拓展地下智能输电业务奠定了坚实基础。2019年,电网投资增速持续放缓，其中国网公司电网投资比预算压减12%。2020\n年，电网投资将继续下行，电力设备行业将面临严冬。面对严峻的市场环境，在公司董事会的积极领导下，公司凭借行业领先的品牌、管理及技术优势，公司业务发展基本保持稳定，全年实现营业收入31,802.43万元，归属于母公司的净利润6361.64万元。公司整体经营管理工作如下：\n1、募投项目推进顺利\n报告期内，公司募集资金投资项目总投资额为35,394.42万元，主要投资于电力电缆连接件及GIL扩建项目。截止2019年12月31日，公司募投项目累计已投入资金20,864.89万元，其中工程项目支出14,864.89万元，项目仍在有序推进中。电力电缆连接件和GIL扩建项目的顺利实施，能优化公司产品结构，提升公司的核心竞争力。项目达产后，可进一步增加公司的销售收入，提高公司的净利润水平，经济效益显著。\n2、新业务持续突破，以高质量示范工程引领行业发展\n2019年，公司在GIL输电领域持续突破，两项GIL示范工程高质量建设投运，成功实现GIL输电技术在化工行业的首次运用，“大国重器”再次呈现，公司进一步扩大地下输电领域核心竞争优势，引领行业快速发展。\n无锡荣巷，国内首条220kV单相GIL输电线路，公司克服诸多困难，圆满完成生产、设计、安装、试验等各项任务，顺利完成惠梁线迁改入地工程，确保无锡江南大学太湖学院建设取得圆满成功；常州武进瓶武线500kVGIL输电线路，国网首条500kVGIL城市输电线路。保障百亿“武进新科环保产业园项目”顺利实施，盘活大量土地资源，助力“强富美高”新江苏建设；鲁西化工项目，在与跨国企业、央企的竞争中取胜，成功斩获历史最大订单，为GIL输电技术的多元化行业应用开辟了先河；内蒙古项目，实现220kV三相共箱GIL输电线路在低温极\n20', 'distance': 0.2411886602640152}, {'id': 8, 'text': ""36\n\n江苏安靠智能输电工程科技股份有限公司2019年年度报告全文\n['不适用', '', '', '', '', '', '', '', '', '', '', '']\n['', '', '35,394.4', '35,394.4', '', '20,864.8', '', '', '', '', '', '']\n['合计', '--', '2', '2', '854.55', '9', '--', '--', '388.08', '1,236.91', '--', '--']\n['未达到计划进度或预计收益的情况和原因（分具体项目）', '公司募集资金主要投资于电缆连接件和GIL扩建项目，公司根据市场情况及产品布局分布推进。截至2019年12月31日，公司GIL扩建部分已达到初步建成状态，公司已获得一些工程项目订单，但后续还需较长时间调试、运行、优化等，直至逐步达产和完全达产。公司电缆连接件扩建部分目前仍然在规划当中，相关前期准备工作正在陆续开展，公司后续会持续推进相关工作，项目预计于2020年开工建设。', '', '', '', '', '', '', '', '', '', '']\n['项目可行性发生重大变化的情况说明', '不适用', '', '', '', '', '', '', '', '', '', '']\n['超募', '不适用', '', '', '', '', '', '', '', '', '', '']\n\n37\n\n江苏安靠智能输电工程科技股份有限公司2019年年度报告全文\n['资金的金额、用途及使用进展情况', '']\n['募集资金投资项目实施地点变更情况', '不适用']\n['募集资金投资项目实施方式调整情况', '不适用']\n['募集', '适用']\n\n38\n\n江苏安靠智能输电工程科技股份有限公司2019年年度报告全文\n['资金投资项目先期投入及置换情况', '2017年4月5日，公司第二届董事会第十二次会议审议通过《关于以募集资金置换预先投入募投项目的自筹资金的议案》，经全体董事表决，一致同意以募集资金13,099.56万元置换预先投入募集资金投资项目的自筹资金。其中，电力电缆连接和GIL扩建项目13,099.56万元。', '']\n['用闲置募集资金暂时补充流动资金情况', '', '不适用']\n['项目实施出现募集资金结余的金额及原因', '', '不适用']\n\n39\n\n江苏安靠智能输电工程科技股份有限公司2019年年度报告全文\n['尚未使用的募集资金用途及去向', '公司第三届董事会第十四次会议、第三届监事会第十二次会议审议通过《关于使用闲置募集资金进行现金管理的议案》，公司独立董事、监事会和保荐机构华泰联合证券有限责任公司均发表了明确的同意意见。并于2019年3月21日召开2018年年度股东大会，审议通过了该议案。同意公司在不影响募集资金投资项目建设和公司正常运营的情况下，使用不超过1.5亿元暂时闲置的募集资金购买不超过12个月的保本型理财产品，使用期限为自公司股东大会审议通过之日起12个月。在上述使用期限及额度范围内，资金可以循环滚动使用。后续公司向中信银行股份有限公司常州分行溧阳支行、江苏银行溧阳支行购买了1.5亿元相关保本理财产品，其余资金存放募集资金专用账户中。']\n['募集资金使用及披露中存在的问题或其他情况', '不适用']\n\n（3）募集资金变更项目情况\n□适用√不适用\n公司报告期不存在募集资金变更项目情况。\n六、重大资产和股权出售\n1、出售重大资产情况\n□适用√不适用\n公司报告期未出售重大资产。\n2、出售重大股权情况\n□适用√不适用\n七、主要控股参股公司分析\n√适用□不适用\n主要子公司及对公司净利润影响达10%以上的参股公司情况\n单位：元\n40\n\n江苏安靠智能输电工程科技股份有限公司2019年年度报告全文\n['公司名称', '公司类型', '主要业务', '注册资本', '总资产', '净资产', '营业收入', '营业利润', '净利润']\n['河南安靠电力工程设计有限公司', '子公司', '电力工程勘察设计等', '50,000,000.00', '61,085,619.72', '16,874,930.51', '45,325,882.89', '7,821,876.08', '5,557,627.30']\n['溧阳市常瑞电力科技有限公司', '子公司', '电力器材、机电设备及配件的销售等', '5,000,000.00', '39,871,096.74', '11,405,353.60', '93,314,951.30', '-3,343,640.94', '-3,756,971.45']\n['', '', '中压、高压、超高、特高压电', '', '', '', '', '', '']\n['江苏凌瑞电力科技有限公司', '子公司', '器设备及其配件，部件设计、研', '50,000,000.00', '19,042,961.41', '18,684,581.23', '10,989,666.06', '-2,597,538.22', '-1,954,262.67']\n['', '', '发、制造、测试与销售等', '', '', '', '', '', '']\n['江苏安靠创业投资有限公司', '子公司', '实业投资，创业投资等', '120,000,000.00', '2,914,231.70', '2,493,225.25', '0.00', '-7,941.69', '-6,087.23']\n\n报告期内取得和处置子公司的情况\n□适用√不适用\n主要控股参股公司情况说明\n报告期内，公司加强对子公司的管理，各子公司经营情况稳定，其中河南安靠盈利能力上升。\n八、公司控制的结构化主体情况\n□适用√不适用\n九、公司未来发展的展望\n（一）公司未来发展战略\n41\n\n江苏安靠智能输电工程科技股份有限公司2019年年度报告全文\n公司的长期战略目标是成为“国际领先的超、特高压地下智能输电整体方案供应商”，以电缆连接件及GIL为基础，为客户提供咨询、设计、融资建设、运维、能效管理等电力生态链系统解决方案，实现从传统装备制造型企业向现代先进制造服务型企业的战略转型。\n公司业务发展可概括为“一体两翼”。“一体”指地下智能输电产品的关键技术研发及制造；“两翼”一是指利用地下输电核心技术和工程业绩优势开展架空线入地、泛在电力物联网等新业务。二是指电力工程勘察设计及承包业务向电力客户需求侧的深度拓展。\n传统装备制造领域，公司将发挥技术优势、产品创新优势、资源整合优势，把脉客户和市场的需求，不断进行迭代创新，进一步在实践中根据客户需求“智造”新的地下输电产品：电缆连接件方面，寻找新材料、新技术运用，在现有产品的基础上进行深度开发，打造“适应泛在电力物联网”建设的新产品，解决电缆输电线路产品缺陷，形成电缆输电系统化解决方案；GIL方面，围绕“110-1100kV三相共箱”等关键技术，着重部件、工艺、工程计算、安装工装的论证与研发，与电网、院校开展数据、条件、运行环境等基础研究，力求在GIL部件上进行进一步创新，确保GIL输电的安全可靠。\n新业务上，随着城市的快速扩张，原有高压架空输电线路影响着城市的科学规划，占用了大量宝贵土地资源。新能源、5G的的爆发，对输电容量、方式提出了更高的要求。公司将利用地下输电领域核心技术、产品及业绩优势展开和政府、企业等各方面电力用户的合作，利用架空线入地、迁改来盘活土地资源，提升城市形象，开发潜在市场。\n电力工程勘察设计及电力工程承包业务上，公司未来将直接面向用电客户需求侧，提供咨询、设计、融资建设、运维、能效管理等电力生态链系统解决方案，解决用户需求“难点”、“痛点”。\n2020年，公司将紧紧围绕企业发展战略及年度经营计划，持续经营传统业务，大力发展新业务，实现业绩稳定增长。\n（二）公司拟开展的工作\n1、2020年，公司在不断完善地下智能输电系统产品、技术体系的基础上，将致力于打造电力能源综合管理服务全产业链。公司将依托泛在电力物联网、电力区块链、新能源汽车和5G核心技术，借助国家电网开展高压电缆精益化管理的机遇，实现地下输电的一、二次设备融合。同时，稳步推进工厂预制式综合能源管理智能型变电站业务，研发储能站、智能移动充电车、GIS开关和变压器一体机等众多战略新产品，打造电力能源综合管理服务全产业链。\n2、继续加强架空线入地市场开发，持续推进武汉、佛山、广州、深圳、杭州、西安、南\n42\n\n江苏安靠智能输电工程科技股份有限公司2019年年度报告全文\n京等地的架空线入地项目；抓住粤港澳大湾区、长三角一体化建设给地下智能产业带来的发展机遇，在南京、苏州、常州、溧阳等地进入电网核心迁改业务。\n3、积极做好产品研发和市场开拓工作，消化募投项目建设释放的产能，成为电缆连接件和GIL产品及服务核心供应商。监督和规范公司募集资金使用情况和投资进度，促使公司募投项目产生更好的经济效益。\n4、继续提升公司规范经营和治理水平。公司董事会将根据需要进一步完善公司相关的规章制度，促进公司董事会、管理层严格遵守；继续优化公司的治理机构，提升规范运作水平，为公司的发展提供基础保障，建立更加规范、透明的上市公司运作体系；同时加强内控制度建设，坚持依法治理企业；优化内部控制流程，不断完善风险防范机制，保障公司健康、稳定、可持续发展；审议、决策公司管理过程中的重大事项；跟踪、执行股东大会审议通过的决议事项。\n5、研究公司行业政策、发展动态和公司未来发展战略，坚持把技术创新、管理创新、市场创新作为提升企业核心竞争力的根本手段，按照公司业务发展战略，研究、寻找选择同行业中的收购、兼并或合作等机会，垂直整合相关业务，继续保持产品的丰富性和领先性，努力降低生产成本，促使公司产品的竞争力进一步提升。\n6、不断加强企业内部的创新精神和协作精神，完善企业内控管理制度，将公司的成长与员工的发展有机结合起来，保持公司可持续健康成长。人才是企业最重要的无形资产，妥善打造企业雇主品牌，增强对优秀人才的吸引力，推动企业发展；同时在内部加强培训工作，确保培训体系顺利开展，打造企业内部培训师团队，提升公司整体团队专业技能及职业素养；\n继续加强企业文化建设，在合适时点，开展股权激励计划，增强员工对企业的认同感与忠诚度，提高员工团队凝聚力。检查、监督和规范公司和高级管理人员的日常工作，对发现的违法违规行为，采取督促改正、提起诉讼等不同措施，维护和保障股东权益，促进公司进一步规范运作。\n（三）公司面临的风险\n1、宏观经济增速放缓带来的行业风险\n当前国内国际宏观经济环境下，增长放缓，需求下降。公司所处行业发展与宏观经济环境及下游行业景气度密切相关。当宏观经济处于上升阶段时，新开工上升，电力需求增加，输配电系统投资增加；反之，当宏观经济处于下降阶段时，供需逆转，电力需求减少，输配电系统投资减少。若宏观经济形势发生变化或产业经济发展方向发生重大调整，导致国家电\n43"", 'distance': 0.29589658975601196}]","['公司行业宏观政策：国家能源局发布了关于加快推进一批输变电重点工程规划建设的通知，计划推进特高压交流和直流工程建设，总投资约2000亿元。国家电网提出了""三型两网""概念，其中建设泛在电力物联网是重要内容，公司参与了泛在电力物联网的建设和发展。', '公司行业的发展情况：根据信息，公司在电缆连接件和GIL领域具有技术领先地位，并在相关项目中取得了成功。公司参与制定了国家标准，推动了中国电缆工业的发展。在城市电力架空线迁改和泛在电力物联网等领域，公司具备市场发展潜力。通过提供全面解决方案，公司为客户提供了综合服务，增强了市场竞争力。\n公司所处行业地位：公司在电缆连接件和GIL领域拥有行业领先地位，参与国家标准制定，取得了技术突破和创新。公司在工程项目方面取得了成功，并为多个重要项目提供服务。这些因素使得公司在行业中具备较高的影响力和竞争优势。', '公司行业的发展情况：公司所在的电缆连接件和GIL领域面临良好的发展机遇。随着国家能源政策的支持和能源互联网的建设，电力输变电系统的升级和优化需求增加。同时，城市电力架空线迁改与入地的推进以及泛在电力物联网的建设也为行业提供了新的市场机会。公司凭借其技术领先地位和综合解决方案能力，将能够抓住这些机遇并实现持续发展。\n公司所处行业的地位：公司在电缆连接件和GIL领域具有行业领先地位。公司参与制定了500kV电缆连接件国家标准，推动了中国电缆工业的发展。在GIL领域，公司率先在国内研发出高压到超高压的金属气体绝缘母线，填补了电缆系统的技术空白。公司在相关技术和产品方面取得了重要突破，并成功承接了多个重要工程项目。这些成就树立了公司在行业中的优势地位，增强了其在市场上的竞争力。\n公司的市场前景：公司在电缆连接件和GIL领域具备良好的市场前景。随着城市电力架空线迁改与入地业务的推进，以及泛在电力物联网的发展，市场需求将持续增长。作为技术领先的企业，公司能够提供高质量的产品和综合解决方案，满足市场需求。同时，公司在工程业绩和行业影响力方面也赋予了其市场竞争的优势。未来，公司有望进一步巩固市场地位，拓展业务领域，并取得可持续的发展。']",1.0,"<think>
好的，我需要回答的问题是：2019年，江苏安靠智能输电工程科技股份有限公司行业的发展情况及公司所处行业地位如何？首先，我需要仔细阅读提供的文本，寻找相关的信息。

首先，从目录结构来看，文中有一个部分标题是“（五）公司行业的发展情况及公司所处行业地位”，这应该是重点部分。我找到这个部分，里面有五个小点：行业宏观政策、行业竞争格局和市场化程度、行业的周期性、区域性和季节性特点、公司所处的行业地位、公司的市场前景。

关于行业的发展情况，行业宏观政策部分提到了国家电网的“三型两网”战略，特别是泛在电力物联网的建设规划。2019年是启动元年，计划到2024年建成，涉及大量投资。另外，高压电缆精益化管理平台的推进也是重点，这些都是行业发展的政策驱动因素。同时，新能源汽车和5G的发展对城市输电技术提出了更高要求，推动地下输电技术的需求增长。

在行业竞争格局中，高电压等级电缆连接件市场主要由少数国内企业和国际企业竞争。江苏安靠在500kV电缆连接件领域打破了国外垄断，参与了国家标准的制定，显示出其技术领先地位。GIL领域，公司是国内较早的研发者，与西电、平高电气等企业竞争，但已经完成了多个示范项目，具有先发优势。

公司的行业地位部分明确指出，公司在关键技术及工程业绩上处于行业领先，尤其是500kV电缆连接件和GIL技术的突破，使得公司在国内具有重要地位。此外，公司承接了多个重大项目，如无锡荣巷和常州武进的GIL工程，进一步巩固了市场地位。

市场前景方面，城市架空线入地工程和泛在电力物联网的建设为公司提供了广阔的市场空间。北京、上海等地的架空线入地工程已经展开，未来市场规模预计数千亿，公司在此领域已有项目经验，有望受益。

综合来看，行业在2019年受到政策推动和技术需求的双重驱动，公司凭借技术优势和项目经验占据领先地位。需要确认是否有其他因素影响，但根据文本，这些应该是主要的点。
</think>

<steps>
1. 行业宏观政策方面，2019年国家电网提出“三型两网”战略，重点推进泛在电力物联网建设，计划至2024年实现涉电业务线上率90%，涉及500亿投资。高压电缆精益化管理和三年行动计划（2019-2021）被列为国网重点工作，推动电缆运维能力提升。新能源车及5G发展带动城市输电技术需求升级，地下输电技术成为核心解决方案。
2. 行业竞争格局中，500kV电缆连接件市场主要由江苏安靠、长缆科技等少数企业与国外厂商竞争，公司通过自主研发打破垄断并参与国家标准制定。GIL领域国内参与者包括西电、平高电气等，但公司率先完成220-1100kV产品研发及多个示范工程，确立先发优势。
3. 公司行业地位表现为：在电缆连接件领域是少数具备500kV产品运商业绩的企业，主导国家标准制定；GIL技术填补国内空白，工程案例覆盖220kV至500kV等级，如无锡荣巷、常州武进项目。同时通过架空线迁改业务在多个城市形成标杆项目，成为行业技术引领者。
4. 市场前景方面，城市架空线入地工程需求达数千亿规模，北京、上海等地已启动大规模改造。公司依托技术储备和项目经验，结合泛在电力物联网战略，在二次设备领域具备整体解决方案能力，有望持续受益行业增长。
</steps>
<result>2019年江苏安靠所处行业在政策驱动下加速向泛在电力物联网及地下输电转型，公司凭借500kV电缆连接件国产化替代、GIL技术突破及示范工程积累，确立国内领先地位，同时在新业务拓展中形成市场先发优势。</result>",5,"<think>
好的，我现在需要根据用户提供的答案和标准答案来进行评分。首先，用户答案提到了2019年江苏安靠所处的行业在政策驱动下加速向泛在电力物联网及地下输电转型，公司通过500kV电缆连接件国产化替代、GIL技术突破及示范工程积累确立国内领先地位，并在新业务拓展中形成市场先发优势。

接下来查看标准答案，标准答案分为三个部分：公司行业宏观政策、发展情况、行业地位以及市场前景。用户答案中的内容涵盖了政策驱动（泛在电力物联网）、技术优势（500kV电缆连接件国产化、GIL技术）、示范工程和市场先发优势。在标准答案中，宏观政策提到了国家能源局的通知和国网的“三型两网”，用户答案中的政策驱动部分对应了这一点，但没有具体提到2000亿的投资或具体政策名称，这可能是一个遗漏。技术方面，用户提到了国产化替代、技术突破和示范工程，这与标准答案中的技术领先、参与国家标准制定、项目成功案例相符，但用户答案没有提到参与制定国家标准这一点，这是否是关键遗漏呢？

行业地位方面，用户答案提到国内领先地位，而标准答案更详细地说明了行业领先地位的具体体现，如国家标准制定、填补技术空白等。用户答案中的“市场先发优势”可能对应标准答案中的市场发展潜力和竞争优势，但细节上可能不够具体，比如没有提到城市电力架空线迁改的具体机会。

用户答案是否遗漏了关键点？比如国家能源局2000亿投资、国家标准制定、具体项目案例等。虽然用户答案覆盖了政策、技术、市场地位，但标准答案中有更多细节，如参与国家标准的制定、具体的工程项目等。然而，用户答案的主要论点是否正确，是否涵盖了核心要素？

根据评分标准，完全正确需要覆盖所有核心要素，结论一致，表述准确。用户答案正确提到了政策驱动下的转型、技术突破带来的领先地位和市场先发优势，这些都是标准答案中的核心要素。虽然用户答案没有详细列举所有细节，但核心内容是正确的，且没有错误。因此，是否应该打10分，或者因为遗漏部分关键信息而打5分？

需要判断用户答案是否遗漏了关键信息。例如，国家标准制定、具体政策文件名称和投资金额是否属于核心要素。如果这些是核心要素，而用户答案未提及，则可能属于部分正确。但用户答案中的“政策驱动”和“技术突破”可能已经涵盖了宏观政策和技术发展的核心，尽管没有详细说明。根据问题要求，如果分析过程能够得出明确的结论，没有歧义，那么用户答案是否正确？

标准答案中的核心要素包括：政策支持（国家能源局政策、国网战略）、技术领先（参与国家标准、GIL技术突破）、行业地位（国内领先、项目成功）、市场前景。用户答案涵盖了政策驱动、技术突破带来的领先地位和市场先发优势，但缺少了参与国家标准制定、具体政策名称和投资额等信息。因此，用户答案部分正确，但遗漏了部分关键细节，可能属于5分。然而，用户答案的结论与标准答案一致，只是细节不够详细，但问题是否要求必须包含所有细节？

再仔细看评分标准，完全正确需要覆盖所有核心要素，用户答案是否覆盖了所有核心要素？例如：政策驱动下的转型、技术优势、行业地位、市场前景。用户答案提到了这些点，但标准答案中的每个部分都有更详细的描述，比如国家能源局的具体通知和投资金额。用户答案是否有遗漏核心主体？比如是否必须提到国家能源局或“三型两网”？

如果核心要素包括具体的政策来源（如国家能源局的通知），而用户答案仅提到政策驱动而未具体说明，这可能属于部分正确。同样，参与国家标准制定也是标准答案中的一部分，用户答案未提及。因此，用户答案遗漏了部分核心要素，导致只能得5分。但用户答案中的结论与标准答案一致吗？如国内领先地位、市场先发优势等，这部分是正确的。所以，用户答案部分正确，但遗漏了关键细节，所以应得5分。
</think>

<result>5</result>"
2019年，江苏安靠智能输电工程科技股份有限公司行业的发展情况及公司所处行业地位如何？,"[{'id': 2, 'text': ""江苏安靠智能输电工程科技股份有限公司2019年年度报告全文\n3、销售模式\n目前公司产品主要销往国内，采用直销模式，即由公司直接将产品销售给客户，不通过经销商销售产品。公司下游需求客户除了国家电网、南方电网和五大发电集团等企业之外，伴随公司IPO募投项目GIL系列产品的快速量产，一线城市、二线城市与三线城市地方政府、及化工等行业企业逐渐成为公司下游新客户群体；公司销售主要通过参与投标的方式开展。\n4、研发模式\n公司主要有两种研发模式，一是根据对市场趋势的判断而进行的自主研发，二是根据不同客户的具体需要进行的定制研发。公司所研发出的产品通过试验并经相关部门检测认证后（若需要）取得进入电网运行的资格。\n（四）主要的业绩驱动因素\n报告期内，基于电缆连接件和GIL关键技术的核心竞争优势及城市电力架空线迁改与入地工程业绩，公司的行业地位和品牌市场影响力获得进一步提升。\n报告期内，公司新业务即GIL输电业务取得有效进展。一方面，公司签署并完成了《无锡荣巷街道220kV惠梁线迁改入地工程GIL设备2X34线供货合同》，合同订单金额1365万元；与江苏嘉能建设发展有限公司签署《常州500kV瓶武线线路迁改工程》项目订单，合同金额2500\n万元。上述两个架空线迁改与入地工程的一次性顺利完工，意味着公司架空线迁改与入地业务逐渐走向成熟，有利于公司此项新业务在江苏省内、及全国市场的推广。另一方面，公司传统业务即电缆连接件生产与销售业务实现稳步发展，如为国内首个海上风电500kV变电站提供安全可靠的输电方案，中标的“三峡如东海上风电柔性直流输电示范项目高压电缆及附件设备采购招标”项目，总金额2580万元；中标“张家港市高新投资发展有限公司的南横套电力线路改造工程”项目，中标金额6549万元；中标“国家电网有限责任公司输变电项目2019\n年第一次35-220千伏设备协议库存采购招标”项目，总金额4033万元。\n（五）公司行业的发展情况及公司所处行业地位\n1、行业宏观政策\n2018年9月，国家能源局印发《关于加快推进一批输变电重点工程规划建设工作的通知》。\n通知指出，为加大基础设施领域补短板力度，发挥重点电网工程在优化投资结构、清洁能源消纳、电力精准扶贫等方面的重要作用，加快推进张北至雄安特高压交流工程等9项重点输变电工程建设。根据通知，本次共规划了12条特高压工程，包括5条特高压直流（陕北至武汉直流特高压、青海至河南直流特高压、雅中至江西直流特高压、白鹤滩至江苏、白鹤滩至浙江）\n12\n\n江苏安靠智能输电工程科技股份有限公司2019年年度报告全文\n和7条交流特高压项目（南阳—荆门—长沙、张北至雄安以及5条配套短距离交流特高压项目），总投资额约2000亿元。\n2019年1月，国家电网召开年度工作会议，首次提出“三型两网”概念。建设泛在电力物联网，是国网推进“三型两网”建设的重要内容和关键环节，是国网未来三年的首要政治任务。2019年3月，国网公司对建设泛在电力物联网作出全面部署安排，充分应用“大云物移智”，实现电力系统各环节万物互联、人机交互，具有状态全面感知、信息高效处理、应用便捷灵活特征的智慧服务系统。2019年9月，天津、宁夏、江苏三省泛在专项正式招标，标志着我国电网建设运营正式进入泛在电力物联网发展时代。2019年12月，国网印发《泛在电力物联网2020年重点建设任务大纲》，将在2020年重点开展能源生态、客户服务、生产运行、经营管理、企业中台、智慧物联、基础支撑、技术研究等8个方向、40项重点建设任务，投资规模有望接近500亿。从节奏上看，2019年为启动元年，试点项目会陆续建设以实现带头示范作用；2021\n年将初步建成泛在电力物联网，实现涉电业务线上率70%；2024年将建成泛在电力物联网，实现涉电业务线上率90%，全面形成能源互联网生态圈。\n2018年11月，国网提出高压电缆精益化管理综合平台建设方案及功能需求规范，计划用三年时间全面提升公司高压电缆线路运维管控能力和管理水平。2019年1月，国网设备管理部在京组织召开工作会，宣贯高压电缆专业水平提升三年行动计划（2019～2021年）和高压电缆精益化管理综合平台建设方案及功能需求规范，提出高压电缆专业水平提升三年行动计划的总体思路、工作目标及主要工作内容，计划用三年时间全面提升公司高压电缆线路运维管控能力和管理水平。推进及建设高压电缆精益化管理综合平台，是国网建设泛在电力物联网的重要组成部分。\n与此同时，未来几年可预见的新能源汽车及5G的爆发，对城市输电技术提出了更高的要求，传统架空电缆输电技术，已不能满足城市日益增长的用电需求，更大容量、更安全、更智能的地下输电技术将发挥重要作用。\n2、行业竞争格局和市场化程度\n高电压等级电缆连接件的技术含量较高，专业生产厂商较少。110kV及以下电压等级电缆连接件生产技术已经比较成熟，国产产品已基本替代进口产品；220kV电缆连接件仍处于国产产品和进口产品相互竞争的状态，国产产品正在逐步替代进口产品；500kV电缆连接件在2009年以前完全被进口产品垄断，目前主要是本公司、长缆科技、长园集团、青岛汉缆、特变电工等少数国内专业厂商和国际知名的电缆系统制造企业进行竞争。\n13\n\n江苏安靠智能输电工程科技股份有限公司2019年年度报告全文\nGIL的研发和生产在国内起步较晚，本公司已掌握220-1100kVGIL输电相关技术，并为华能济宁电厂220kVGIL工程、江苏中关村220kVGIL工程(江苏时代新能源-余桥变220kV线路工程)、无锡荣巷街道220kV惠梁线迁改入地项目、常州武进瓶武线500kVGIL输电项目提供了相关服务。目前国内从事GIL系列产品研发和生产的其他企业主要包括西安西电开关电气有限公司、河南平高电气股份有限公司、厦门ABB高压开关有限公司等少数企业。\n3、行业的周期性、区域性和季节性特点\n电气机械和器材制造业作为输配电及控制设备制造业的一部分，与宏观经济周期存在一定的关联性。由于我国各地区经济发展水平不同，华东、华南、华北等经济相对发达地区是主要市场，近年来，随着国家鼓励西部开发，以及“一带一路”政策的推进，中西部地区的市场增长速度较快。\n电缆连接件系列产品主要运用于输电线路、电力工程等领域，公司下游需求客户主要为国家电网、南方电网及五大发电集团等企业。上述客户一般在上年年末或当年年初制定采购计划，经过较为繁杂的审批程序后组织招标并确定供应商，实际采购主要集中在下半年。因此，行业内企业销售收入具有一定的季节性。公司GIL系列产品生产与销售业务、电力工程承包业务、电力工程勘察设计业务、城市电力架空线迁改与入地业务则不存在明显的季节性。\n4、公司所处的行业地位\n公司主要致力于输变电系统关键部件——高压及超高压电缆连接件系列产品及GIL系列产品的生产与销售，并通过上述基础产品，提供城市电力架空线迁改与入地、电力工程勘察设计及施工服务等。公司关键技术和工程业绩均处于行业领先地位，参与制定了500kV（目前商业化运行电缆系统的最高电压等级）电缆连接件国家标准，公司研发的500kV电缆连接件打破了国外的长期垄断，推动了中国电缆工业由高压到超高压的跨越。公司不断发展与创新，于2015年在国内率先研发出220kV——1100kV金属气体绝缘母线（GIL），弥补了电缆系统不能大容量输电的缺陷；于2017年在国内率先通过“AK-GD1-11001100kV刚性气体绝缘输电线路（GIL）”等四个新产品新技术鉴定，GIL制造水平达到国际或国内先进水平；截至目前，公司先后为华能济宁电厂220kVGIL工程、江苏中关村220kVGIL工程(江苏时代新能源-余桥变220kV线路工程)、无锡荣巷街道220kV惠梁线迁改入地项目、常州武进瓶武线500kVGIL输电项目等提供了相关服务。\n5、公司的市场前景\n由于早期城市规划缺乏前瞻性，以“城市架空线”为代表的传统输电线路在城市规模不\n14\n\n江苏安靠智能输电工程科技股份有限公司2019年年度报告全文\n断扩大的过程中占用了核心城区的大量宝贵土地资源，随着城市的不断发展，把凌乱无序的架空线迁改至地下，逐渐成为共识，而城市圈的崛起，为架空线入地业务的开展，提供了较为广阔的市场机会。2017年习近平总书记视察北京时指出，疏解北京非首都功能才是北京城市规划建设的“牛鼻子”，强调“城市管理应该像绣花一样精细”。随着《首都核心区背街小巷环境整治提升三年（2017-2019年）行动方案》的发布，一场首都核心区的“架空线入地大会战”打响了。截至2019年10月，北京已完成137条道路129公里电力、375条道路225公路路灯、20条道路21公里电车馈线、1509条道路372公里通信架空线入地，拔除线杆1.3万余根；\n金融中心上海，浦东环保市容局在2019年3月发布了《关于崮山路（浦东大道-杨高中路）综合改造工程方案的批复》，同意崮山路（浦东大道-杨高中路）综合改造工程的设计方案，该工程北起浦东大道，南至杨高中路，路线全长1964米，工程完工后将极大地改善道路两旁居民的生活起居和出行。展望未来，我国城市电力架空线迁改与入地行业市场规模达数千亿。\n建设泛在电力物联网，是国网推进“三型两网”建设的重要内容和关键环节。2019年3\n月，国网公司对建设泛在电力物联网作出全面部署安排，充分应用“大云物移智”，实现电力系统各环节万物互联、人机交互，具有状态全面感知、信息高效处理、应用便捷灵活特征的智慧服务系统。从节奏上看，2019年为启动元年，试点项目会陆续建设以实现带头示范作用；\n2021年将初步建成泛在电力物联网，实现涉电业务线上率70%；2024年将建成泛在电力物联网，实现涉电业务线上率90%，全面形成能源互联网生态圈。从国网公司“一年试点、两年推广、三年见效”的实施策略来看，未来几年将逐步加大泛在电力物联网领域的投资力度。公司在二次电力设备领域经营多年，已拥有高压电缆精益化管理平台、智能巡检机器人、电缆在线监测系统等多项技术、产品储备和行业资源，作为拥有泛在电力物联网整体解决方案综合实力的企业之一，公司有望从中受益。\n作为特高压领域的现代装备制造服务型企业之一，公司同时掌握电缆输电、GIL输电两种输电技术，为客户提供地下智能输电系统整体解决方案。电缆连接件领域，公司参与制定了500kV（目前商业化运行电缆系统的最高电压等级）电缆连接件国家标准，公司研发的500kV电缆连接件打破了国外的长期垄断，推动了中国电缆工业由高压到超高压的跨越；GIL领域，公司不断发展与创新，在国内率先研发出220kV—1100kV金属气体绝缘母线（GIL），弥补了电缆系统不能大容量输电的缺陷。公司承接的多个GIL工程项目顺利投运，树立了行业先发优势。\n15\n\n江苏安靠智能输电工程科技股份有限公司2019年年度报告全文\n二、主要资产重大变化情况\n1、主要资产重大变化情况\n['主要资产', '重大变化说明']\n['', '长期股权投资期末余额4521.6元，期初余额47322.31元，下降90.45%，主要系']\n['股权资产', '联营企业亏损所致。']\n['固定资产', '固定资产期初余额为17977万元，期初余额为18404万元，无重大变化。']\n['无形资产', '无形资产期初余额为2789万元，期初余额为2747万元，无重大变化。']\n['在建工程', '在建工程期初余额为269万元，期初余额为291万元，无重大变化。']"", 'distance': 0.18706661462783813}, {'id': 3, 'text': '2、主要境外资产情况\n□适用√不适用\n三、核心竞争力分析\n公司是国家级高新技术企业，在电气试验方面，建立了行业内领先的超、特高压屏蔽试验大厅；在材料研究方面，成立了复合材料试验室；为确保公司产品长期安全运行，还建设了地下输电系统户外试验场，除了可进行常规试验外，还可对电缆输电系统进行长期老化试验，为公司的技术创新提供有力保障。公司先后设立了博士后科研工作站、江苏省电力电缆附件工程技术研究中心、江苏省认定企业技术中心、江苏省智能地下输电工程中心及江苏省工业设计中心。报告期内，公司荣获“江苏省百强创新型企业”、“2018年常州市市长质量奖”。\n公司的核心竞争力主要体现在以下方面：\n（一）技术创新优势\n1、突出的技术优势\n公司专注于电缆连接件系列产品、GIL系列产品及相关产品的研发及生产，掌握了地下智能输电核心技术，并拥有这些产品、技术的自主知识产权。公司依靠自身力量进行自主研发，掌握了电力电缆连接设备及GIL在电力系统中的运行原理、制造工艺和生产、安装技术等，除了满足国内电力建设的需求以外，也提高了我国地下智能输电领域的技术水平，现有的系列产品完全可替代进口产品。\n截至本报告期末，公司拥有有效专利62项，其中发明专利19项、实用新型专利43项。非\n专利技术包括工装模具、设备设计与制造技术；产品生产工艺和制造技术；产品设计、试验\n技术；智能地下输电系统设计和建设技术等。\n16\n\n江苏安靠智能输电工程科技股份有限公司2019年年度报告全文\n2、持续的研发创新能力\n报告期内，公司技术研发实力得到持续提升。在电缆附件方面，公司针对电缆系统在线监测领域开发了智能接地箱，此产品对电缆系统的健康状态起到实时监控及预警作用；为保证线路安全运行，开发了智能防爆灭火中间接头，此产品具有有效防爆、快速灭火、有效控制温升、方便运维测温等优点。上述新产品开发符合国家电网公司提出的建设“泛在电力物联网”战略目标，是公司针对该领域做出的有效尝试，为后续开展相关业务奠定了基础。此外，公司对电缆系统的相关产品制造工艺进行了改善，如改进了中间接头保护壳滚塑材料，解决了产品外观收缩问题；完善了相关产品内部研磨工艺和尾管旋压工艺；提出电缆附件自动焊接机器人方案并取得显著效果；对相关制造工序进行合并和小型改进近32项，大大提升了生产效率。在GIL方面，通过多项示范工程的积累，公司自主完成了第二代GIL产品的研制及生产，掌握了GIL关键技术，核心部件完全实现自主研发生产。\n报告期内，公司及控股子公司江苏凌瑞取得国家知识产权局颁发的7项专利证书，其中发明专利4项，实用新型专利3项，申报常州市高新技术产品3个。子公司江苏凌瑞成功申报高新技术企业；子公司河南安靠成功取得电力工程施工总承包贰级资质，为公司工程业务发展提供战略支持。\n（二）市场优势\n1、较高的产品认可度和品牌认知度\n公司凭借满足客户需求的产品设计、稳定可靠的产品质量、优质的售后服务逐渐获得了客户的认可。公司是目前国内少数具有500kV电压等级电缆连接件产品运行业绩的企业之一，先后承接了山西同华电力有限公司轩岗电厂项目、三峡集团公司向家坝水电站项目、国家电网北京海淀500kV城市电网项目、国家电网福建仙游抽水蓄能电站项目、国家电网浙江仙居抽水蓄能电站项目、国家电网江西洪屏抽水蓄能电站项目、大唐集团岩滩水电站项目、华电集团金沙江鲁地拉水电站项目、国电集团四川大渡河大岗山水电站项目、大唐集团四川大渡河黄金坪水电站项目、国电集团大渡河猴子岩水电站项目等多个500kV电缆输电系统项目。\nGIL方面，已完成华能济宁电厂220kVGIL工程、江苏中关村220kVGIL工程(江苏时代新能源-余桥变220kV线路工程)，树立了GIL产品先发优势。报告期内，公司城市电力架空线迁改与入地业务日趋成熟，已为无锡荣巷街道220kV惠梁线迁改入地工程、常州武进瓶武线500kVGIL输电项目提供服务，为将来该业务在江苏省内、及全国市场的规模化推广奠定基础。\n2、销售覆盖全国，售后服务专业及时\n17\n\n江苏安靠智能输电工程科技股份有限公司2019年年度报告全文\n输电线路遍布全国，对输电设备的需求也同样遍布全国。对此，公司在全国大多数省份派驻了专业销售人员，分区域覆盖各地的客户和潜在客户。对采用集中采购模式的主要用户，如国家电网、南方电网等企业，由公司集中力量统一负责销售。\n电缆连接件是电缆输电系统中较易发生故障的部分，因此发生故障后能否及时进行抢修是客户非常注重的环节。公司拥有数十名售后服务工程师，并配有专用服务车和规格齐全的备件库。在接到用户的技术服务要求和故障信息后，工作人员可以及时有效解决相关问题。\n公司优质的售后服务获得了众多客户的认可，为未来发展提供了有力保障。\n（三）团队管理优势\n公司自成立以来一直注重人才的储备和管理制度的创新，公司的董事会和管理层成员，普遍具备十年以上的电力行业从业经验或多年财务、管理经验。公司积极推行“以人为本”的人才发展战略，建设和谐团队，一方面采取内部培训的方式，提升员工的技能水平；另一方面充分利用多种渠道吸引高端人才，不断扩充和培养骨干队伍。公司主要管理人员具有丰富的管理经验和行业经验，能够快速把握行业发展趋势，并制定相应经营策略，提升公司的整体经营能力。通过多年的运营，公司培养了一支整体水平较高的技术研发团队，报告期内相关核心技术人员未发生重大变化。公司的技术研发工作始终处于良性循环的轨道，有效地加快了技术成果转化为生产力的进程，拓展了公司的利润增长点。报告期内，通过无锡荣巷项目、常州武进项目等重大GIL工程项目的实施，公司打造了一支行业一流的GIL工程项目团队，为未来同类项目的实施提供了重要保障。团队建设方面，公司开展了一系列培训活动，培训课题45个，培训场次多达65次，人均培训时间和培训总费用较去年大幅提高。公司人员学历水平较2018年末再次提升，硕士研究生较去年增加2人，211/985重点院校较去年增加6\n人，人员结构向高素质、高学历、高技术方向倾斜优化。\n18\n\n江苏安靠智能输电工程科技股份有限公司2019年年度报告全文\n第四节经营情况讨论与分析\n一、概述\n2019年1月，国家电网召开年度工作会议，首次提出“三型两网”概念。建设泛在电力物联网，是国网推进“三型两网”建设的重要内容和关键环节，是国网未来三年的首要政治任务。2019年3月，国网公司对建设泛在电力物联网作出全面部署安排，充分应用“大云物移智”，实现电力系统各环节万物互联、人机交互，具有状态全面感知、信息高效处理、应用便捷灵活特征的智慧服务系统。2019年9月，天津、宁夏、江苏三省泛在专项正式招标，标志着我国电网建设运营正式进入泛在电力物联网发展时代。2019年12月，国网印发《泛在电力物联网2020年重点建设任务大纲》，将在2020年重点开展能源生态、客户服务、生产运行、经营管理、企业中台、智慧物联、基础支撑、技术研究等8个方向、40项重点建设任务，投资规模有望接近500亿。从节奏上看，2019年为启动元年，试点项目会陆续建设以实现带头示范作用；2021\n年将初步建成泛在电力物联网，实现涉电业务线上率70%；2024年将建成泛在电力物联网，实现涉电业务线上率90%，全面形成能源互联网生态圈。\n2018年11月，国网提出高压电缆精益化管理综合平台建设方案及功能需求规范，计划用三年时间全面提升公司高压电缆线路运维管控能力和管理水平。2019年1月，国网设备管理部在京组织召开工作会，宣贯高压电缆专业水平提升三年行动计划（2019～2021年）和高压电缆精益化管理综合平台建设方案及功能需求规范，提出高压电缆专业水平提升三年行动计划的总体思路、工作目标及主要工作内容，计划用三年时间全面提升公司高压电缆线路运维管控能力和管理水平。推进及建设高压电缆精益化管理综合平台，是国网建设泛在电力物联网的重要组成部分。\n另一方面，“城市群”的崛起，日益增长的土地资源需求，则为地下输电行业带来了众多的投资机会和广阔的市场空间。伴随着城市化不断推进，以京津冀、长三角、粤港澳大湾区为代表的“城市群”已成为我国贡献经济增长的核心区域。然而，由于早期城市规划缺乏前瞻性，以“城市架空线”为代表的传统输电线路在城市规模不断扩大的过程中占用了核心城区的大量土地资源，矛盾愈发凸显。因此，把凌乱无序的架空线移入地下已经成了地方政府共识。北京、上海、广东、深圳等一二线城市纷纷规划核心地段的架空线入地工程。\n新能源车、5G的爆发促使电力需求剧增，传统架空电力输送方式已不能满足要求，地下输电技术是解决问题的核心关键。2019年12月3日，工信部发布《新能源汽车产业发展规划(2021-2035年)》(征求意见稿)，到2025年，新能源汽车新车销量占比达25%，智能网联汽车\n19\n\n江苏安靠智能输电工程科技股份有限公司2019年年度报告全文\n新车销量占比高达30%。同时，我国5G基站建设招标等工作加速启动，政府和运营商陆续发布5G规划，业界普遍预计2020年我国将迎来5G建设潮，三大运营商对5G建设的投入也将持续加大。两大产业并驾齐驱对城市输电提出了更高的要求，新能源汽车与5G基站对电能的需求激增，传统架空电缆输电已不能满足巨量电能的输送要求，更大容量、更安全、更智能的地下输电技术将发挥重要作用。\n作为国内领先的地下智能输电领域制造服务企业之一，公司同时掌握了电缆输电、GIL输电两种输电技术，并形成了完整的产品体系，积累了丰富的工程业绩。报告期内，公司电缆连接件及GIL扩建募投项目推进顺利，产能逐步释放，为进一步拓展地下智能输电业务奠定了坚实基础。2019年,电网投资增速持续放缓，其中国网公司电网投资比预算压减12%。2020\n年，电网投资将继续下行，电力设备行业将面临严冬。面对严峻的市场环境，在公司董事会的积极领导下，公司凭借行业领先的品牌、管理及技术优势，公司业务发展基本保持稳定，全年实现营业收入31,802.43万元，归属于母公司的净利润6361.64万元。公司整体经营管理工作如下：\n1、募投项目推进顺利\n报告期内，公司募集资金投资项目总投资额为35,394.42万元，主要投资于电力电缆连接件及GIL扩建项目。截止2019年12月31日，公司募投项目累计已投入资金20,864.89万元，其中工程项目支出14,864.89万元，项目仍在有序推进中。电力电缆连接件和GIL扩建项目的顺利实施，能优化公司产品结构，提升公司的核心竞争力。项目达产后，可进一步增加公司的销售收入，提高公司的净利润水平，经济效益显著。\n2、新业务持续突破，以高质量示范工程引领行业发展\n2019年，公司在GIL输电领域持续突破，两项GIL示范工程高质量建设投运，成功实现GIL输电技术在化工行业的首次运用，“大国重器”再次呈现，公司进一步扩大地下输电领域核心竞争优势，引领行业快速发展。\n无锡荣巷，国内首条220kV单相GIL输电线路，公司克服诸多困难，圆满完成生产、设计、安装、试验等各项任务，顺利完成惠梁线迁改入地工程，确保无锡江南大学太湖学院建设取得圆满成功；常州武进瓶武线500kVGIL输电线路，国网首条500kVGIL城市输电线路。保障百亿“武进新科环保产业园项目”顺利实施，盘活大量土地资源，助力“强富美高”新江苏建设；鲁西化工项目，在与跨国企业、央企的竞争中取胜，成功斩获历史最大订单，为GIL输电技术的多元化行业应用开辟了先河；内蒙古项目，实现220kV三相共箱GIL输电线路在低温极\n20', 'distance': 0.2411886602640152}, {'id': 8, 'text': ""36\n\n江苏安靠智能输电工程科技股份有限公司2019年年度报告全文\n['不适用', '', '', '', '', '', '', '', '', '', '', '']\n['', '', '35,394.4', '35,394.4', '', '20,864.8', '', '', '', '', '', '']\n['合计', '--', '2', '2', '854.55', '9', '--', '--', '388.08', '1,236.91', '--', '--']\n['未达到计划进度或预计收益的情况和原因（分具体项目）', '公司募集资金主要投资于电缆连接件和GIL扩建项目，公司根据市场情况及产品布局分布推进。截至2019年12月31日，公司GIL扩建部分已达到初步建成状态，公司已获得一些工程项目订单，但后续还需较长时间调试、运行、优化等，直至逐步达产和完全达产。公司电缆连接件扩建部分目前仍然在规划当中，相关前期准备工作正在陆续开展，公司后续会持续推进相关工作，项目预计于2020年开工建设。', '', '', '', '', '', '', '', '', '', '']\n['项目可行性发生重大变化的情况说明', '不适用', '', '', '', '', '', '', '', '', '', '']\n['超募', '不适用', '', '', '', '', '', '', '', '', '', '']\n\n37\n\n江苏安靠智能输电工程科技股份有限公司2019年年度报告全文\n['资金的金额、用途及使用进展情况', '']\n['募集资金投资项目实施地点变更情况', '不适用']\n['募集资金投资项目实施方式调整情况', '不适用']\n['募集', '适用']\n\n38\n\n江苏安靠智能输电工程科技股份有限公司2019年年度报告全文\n['资金投资项目先期投入及置换情况', '2017年4月5日，公司第二届董事会第十二次会议审议通过《关于以募集资金置换预先投入募投项目的自筹资金的议案》，经全体董事表决，一致同意以募集资金13,099.56万元置换预先投入募集资金投资项目的自筹资金。其中，电力电缆连接和GIL扩建项目13,099.56万元。', '']\n['用闲置募集资金暂时补充流动资金情况', '', '不适用']\n['项目实施出现募集资金结余的金额及原因', '', '不适用']\n\n39\n\n江苏安靠智能输电工程科技股份有限公司2019年年度报告全文\n['尚未使用的募集资金用途及去向', '公司第三届董事会第十四次会议、第三届监事会第十二次会议审议通过《关于使用闲置募集资金进行现金管理的议案》，公司独立董事、监事会和保荐机构华泰联合证券有限责任公司均发表了明确的同意意见。并于2019年3月21日召开2018年年度股东大会，审议通过了该议案。同意公司在不影响募集资金投资项目建设和公司正常运营的情况下，使用不超过1.5亿元暂时闲置的募集资金购买不超过12个月的保本型理财产品，使用期限为自公司股东大会审议通过之日起12个月。在上述使用期限及额度范围内，资金可以循环滚动使用。后续公司向中信银行股份有限公司常州分行溧阳支行、江苏银行溧阳支行购买了1.5亿元相关保本理财产品，其余资金存放募集资金专用账户中。']\n['募集资金使用及披露中存在的问题或其他情况', '不适用']\n\n（3）募集资金变更项目情况\n□适用√不适用\n公司报告期不存在募集资金变更项目情况。\n六、重大资产和股权出售\n1、出售重大资产情况\n□适用√不适用\n公司报告期未出售重大资产。\n2、出售重大股权情况\n□适用√不适用\n七、主要控股参股公司分析\n√适用□不适用\n主要子公司及对公司净利润影响达10%以上的参股公司情况\n单位：元\n40\n\n江苏安靠智能输电工程科技股份有限公司2019年年度报告全文\n['公司名称', '公司类型', '主要业务', '注册资本', '总资产', '净资产', '营业收入', '营业利润', '净利润']\n['河南安靠电力工程设计有限公司', '子公司', '电力工程勘察设计等', '50,000,000.00', '61,085,619.72', '16,874,930.51', '45,325,882.89', '7,821,876.08', '5,557,627.30']\n['溧阳市常瑞电力科技有限公司', '子公司', '电力器材、机电设备及配件的销售等', '5,000,000.00', '39,871,096.74', '11,405,353.60', '93,314,951.30', '-3,343,640.94', '-3,756,971.45']\n['', '', '中压、高压、超高、特高压电', '', '', '', '', '', '']\n['江苏凌瑞电力科技有限公司', '子公司', '器设备及其配件，部件设计、研', '50,000,000.00', '19,042,961.41', '18,684,581.23', '10,989,666.06', '-2,597,538.22', '-1,954,262.67']\n['', '', '发、制造、测试与销售等', '', '', '', '', '', '']\n['江苏安靠创业投资有限公司', '子公司', '实业投资，创业投资等', '120,000,000.00', '2,914,231.70', '2,493,225.25', '0.00', '-7,941.69', '-6,087.23']\n\n报告期内取得和处置子公司的情况\n□适用√不适用\n主要控股参股公司情况说明\n报告期内，公司加强对子公司的管理，各子公司经营情况稳定，其中河南安靠盈利能力上升。\n八、公司控制的结构化主体情况\n□适用√不适用\n九、公司未来发展的展望\n（一）公司未来发展战略\n41\n\n江苏安靠智能输电工程科技股份有限公司2019年年度报告全文\n公司的长期战略目标是成为“国际领先的超、特高压地下智能输电整体方案供应商”，以电缆连接件及GIL为基础，为客户提供咨询、设计、融资建设、运维、能效管理等电力生态链系统解决方案，实现从传统装备制造型企业向现代先进制造服务型企业的战略转型。\n公司业务发展可概括为“一体两翼”。“一体”指地下智能输电产品的关键技术研发及制造；“两翼”一是指利用地下输电核心技术和工程业绩优势开展架空线入地、泛在电力物联网等新业务。二是指电力工程勘察设计及承包业务向电力客户需求侧的深度拓展。\n传统装备制造领域，公司将发挥技术优势、产品创新优势、资源整合优势，把脉客户和市场的需求，不断进行迭代创新，进一步在实践中根据客户需求“智造”新的地下输电产品：电缆连接件方面，寻找新材料、新技术运用，在现有产品的基础上进行深度开发，打造“适应泛在电力物联网”建设的新产品，解决电缆输电线路产品缺陷，形成电缆输电系统化解决方案；GIL方面，围绕“110-1100kV三相共箱”等关键技术，着重部件、工艺、工程计算、安装工装的论证与研发，与电网、院校开展数据、条件、运行环境等基础研究，力求在GIL部件上进行进一步创新，确保GIL输电的安全可靠。\n新业务上，随着城市的快速扩张，原有高压架空输电线路影响着城市的科学规划，占用了大量宝贵土地资源。新能源、5G的的爆发，对输电容量、方式提出了更高的要求。公司将利用地下输电领域核心技术、产品及业绩优势展开和政府、企业等各方面电力用户的合作，利用架空线入地、迁改来盘活土地资源，提升城市形象，开发潜在市场。\n电力工程勘察设计及电力工程承包业务上，公司未来将直接面向用电客户需求侧，提供咨询、设计、融资建设、运维、能效管理等电力生态链系统解决方案，解决用户需求“难点”、“痛点”。\n2020年，公司将紧紧围绕企业发展战略及年度经营计划，持续经营传统业务，大力发展新业务，实现业绩稳定增长。\n（二）公司拟开展的工作\n1、2020年，公司在不断完善地下智能输电系统产品、技术体系的基础上，将致力于打造电力能源综合管理服务全产业链。公司将依托泛在电力物联网、电力区块链、新能源汽车和5G核心技术，借助国家电网开展高压电缆精益化管理的机遇，实现地下输电的一、二次设备融合。同时，稳步推进工厂预制式综合能源管理智能型变电站业务，研发储能站、智能移动充电车、GIS开关和变压器一体机等众多战略新产品，打造电力能源综合管理服务全产业链。\n2、继续加强架空线入地市场开发，持续推进武汉、佛山、广州、深圳、杭州、西安、南\n42\n\n江苏安靠智能输电工程科技股份有限公司2019年年度报告全文\n京等地的架空线入地项目；抓住粤港澳大湾区、长三角一体化建设给地下智能产业带来的发展机遇，在南京、苏州、常州、溧阳等地进入电网核心迁改业务。\n3、积极做好产品研发和市场开拓工作，消化募投项目建设释放的产能，成为电缆连接件和GIL产品及服务核心供应商。监督和规范公司募集资金使用情况和投资进度，促使公司募投项目产生更好的经济效益。\n4、继续提升公司规范经营和治理水平。公司董事会将根据需要进一步完善公司相关的规章制度，促进公司董事会、管理层严格遵守；继续优化公司的治理机构，提升规范运作水平，为公司的发展提供基础保障，建立更加规范、透明的上市公司运作体系；同时加强内控制度建设，坚持依法治理企业；优化内部控制流程，不断完善风险防范机制，保障公司健康、稳定、可持续发展；审议、决策公司管理过程中的重大事项；跟踪、执行股东大会审议通过的决议事项。\n5、研究公司行业政策、发展动态和公司未来发展战略，坚持把技术创新、管理创新、市场创新作为提升企业核心竞争力的根本手段，按照公司业务发展战略，研究、寻找选择同行业中的收购、兼并或合作等机会，垂直整合相关业务，继续保持产品的丰富性和领先性，努力降低生产成本，促使公司产品的竞争力进一步提升。\n6、不断加强企业内部的创新精神和协作精神，完善企业内控管理制度，将公司的成长与员工的发展有机结合起来，保持公司可持续健康成长。人才是企业最重要的无形资产，妥善打造企业雇主品牌，增强对优秀人才的吸引力，推动企业发展；同时在内部加强培训工作，确保培训体系顺利开展，打造企业内部培训师团队，提升公司整体团队专业技能及职业素养；\n继续加强企业文化建设，在合适时点，开展股权激励计划，增强员工对企业的认同感与忠诚度，提高员工团队凝聚力。检查、监督和规范公司和高级管理人员的日常工作，对发现的违法违规行为，采取督促改正、提起诉讼等不同措施，维护和保障股东权益，促进公司进一步规范运作。\n（三）公司面临的风险\n1、宏观经济增速放缓带来的行业风险\n当前国内国际宏观经济环境下，增长放缓，需求下降。公司所处行业发展与宏观经济环境及下游行业景气度密切相关。当宏观经济处于上升阶段时，新开工上升，电力需求增加，输配电系统投资增加；反之，当宏观经济处于下降阶段时，供需逆转，电力需求减少，输配电系统投资减少。若宏观经济形势发生变化或产业经济发展方向发生重大调整，导致国家电\n43"", 'distance': 0.29589658975601196}]","['公司行业宏观政策：国家能源局发布了关于加快推进一批输变电重点工程规划建设的通知，计划推进特高压交流和直流工程建设，总投资约2000亿元。国家电网提出了""三型两网""概念，其中建设泛在电力物联网是重要内容，公司参与了泛在电力物联网的建设和发展。', '公司行业的发展情况：根据信息，公司在电缆连接件和GIL领域具有技术领先地位，并在相关项目中取得了成功。公司参与制定了国家标准，推动了中国电缆工业的发展。在城市电力架空线迁改和泛在电力物联网等领域，公司具备市场发展潜力。通过提供全面解决方案，公司为客户提供了综合服务，增强了市场竞争力。\n公司所处行业地位：公司在电缆连接件和GIL领域拥有行业领先地位，参与国家标准制定，取得了技术突破和创新。公司在工程项目方面取得了成功，并为多个重要项目提供服务。这些因素使得公司在行业中具备较高的影响力和竞争优势。', '公司行业的发展情况：公司所在的电缆连接件和GIL领域面临良好的发展机遇。随着国家能源政策的支持和能源互联网的建设，电力输变电系统的升级和优化需求增加。同时，城市电力架空线迁改与入地的推进以及泛在电力物联网的建设也为行业提供了新的市场机会。公司凭借其技术领先地位和综合解决方案能力，将能够抓住这些机遇并实现持续发展。\n公司所处行业的地位：公司在电缆连接件和GIL领域具有行业领先地位。公司参与制定了500kV电缆连接件国家标准，推动了中国电缆工业的发展。在GIL领域，公司率先在国内研发出高压到超高压的金属气体绝缘母线，填补了电缆系统的技术空白。公司在相关技术和产品方面取得了重要突破，并成功承接了多个重要工程项目。这些成就树立了公司在行业中的优势地位，增强了其在市场上的竞争力。\n公司的市场前景：公司在电缆连接件和GIL领域具备良好的市场前景。随着城市电力架空线迁改与入地业务的推进，以及泛在电力物联网的发展，市场需求将持续增长。作为技术领先的企业，公司能够提供高质量的产品和综合解决方案，满足市场需求。同时，公司在工程业绩和行业影响力方面也赋予了其市场竞争的优势。未来，公司有望进一步巩固市场地位，拓展业务领域，并取得可持续的发展。']",1.0,"<think>
好的，我需要回答关于江苏安靠智能输电工程科技股份有限公司在2019年的行业发展情况及公司所处行业地位的问题。首先，我需要仔细阅读提供的文本段落，找到相关的信息。

首先，根据问题，我需要关注的是行业的发展情况和公司的行业地位。在Passage中，有一个部分标题是“（五）公司行业的发展情况及公司所处行业地位”，这应该是关键部分。接下来，我需要从中提取相关信息。

行业的发展情况可能包括政策、竞争格局、周期性等因素。在提供的文本中，提到了国家的宏观政策，比如国家能源局和国家电网的政策文件，例如《关于加快推进一批输变电重点工程规划建设工作的通知》和“三型两网”战略，以及泛在电力物联网的建设。这些政策推动了特高压工程和智能电网的发展，给行业带来了发展机遇。此外，新能源汽车和5G的兴起对城市输电技术提出了更高要求，促进了地下输电技术的需求。

关于行业竞争格局，文本提到高压电缆连接件市场的竞争情况，特别是500kV电缆连接件之前被国外垄断，现在国内企业如安靠、长缆科技等开始竞争。GIL领域国内起步较晚，但安靠已经掌握相关技术，并与西电、平高等企业竞争。

公司的行业地位方面，安靠在高压和超高压电缆连接件领域处于领先地位，参与了国家标准的制定，打破了国外垄断。在GIL方面，公司率先研发了220kV-1100kV的产品，并完成了多个示范项目，树立了行业先发优势。此外，公司还承担了多个重大项目，如无锡荣巷和常州武进的项目，显示出其技术实力和市场认可度。

需要确认是否有遗漏的信息，例如市场区域、周期性等。文本还提到行业的区域集中在经济发达地区，但中西部增长快，季节性方面，传统业务有季节性，但新业务如GIL项目没有明显季节性。

总结起来，行业的发展情况主要受政策推动、新技术需求（如新能源车、5G）和竞争格局变化的影响。而公司的地位则体现在技术领先、参与标准制定、重大项目业绩等方面。

需注意不要加入自己的知识，仅依据提供的文本。例如，文本中没有提到公司的市场排名，但通过其技术突破和项目案例可以推断其领先地位。
</think>

<steps>
1. **行业宏观政策分析**：
   - 根据国家能源局2018年文件，规划12条特高压工程（5直流7交流），总投资约2000亿元，推动输变电基础设施。
   - 国家电网2019年提出“三型两网”战略，重点建设泛在电力物联网，2019-2024年分阶段推进，2020年计划投资近500亿，涉及能源生态、智慧物联等领域。
   - 高压电缆精益化管理平台建设成为泛在物联网的重要组成部分，国网制定三年行动计划（2019-2021）提升电缆运维能力。

2. **行业技术需求变化**：
   - 新能源汽车及5G爆发式增长对城市输电提出更高要求，传统架空输电无法满足，地下输电技术（如更大容量、更安全的GIL）需求上升。

3. **行业竞争格局**：
   - **电缆连接件**：500kV产品曾完全依赖进口，现由安靠、长缆科技等少数国内企业与国外企业竞争。
   - **GIL领域**：国内起步较晚，安靠已掌握220-1100kV技术，竞争对手包括西电、平高电气等企业。

4. **公司行业地位**：
   - **技术领先**：参与制定500kV电缆连接件国家标准，打破国外垄断；率先研发220-1100kV GIL，填补国内大容量输电空白。
   - **项目业绩**：完成无锡荣巷220kV、常州武进500kV等GIL示范工程，在架空线迁改与入地业务中树立标杆。
   - **市场认可**：中标国家电网、南方电网多个重大项目（如三峡如东海上风电、张家港电力改造等），合同金额达数千万至亿元级。
   - **新业务拓展**：GIL在化工行业（如鲁西化工）实现首次应用，推动技术多元化应用。
</steps>

<result>
2019年，江苏安靠智能输电工程科技股份有限公司所处行业受国家特高压工程规划、泛在电力物联网建设及新能源需求驱动，行业向地下智能输电转型。公司凭借500kV电缆连接件国产化突破及GIL技术领先，处于行业前列。其主导国家标准制定，完成多项重大示范工程，并在电缆连接件和GIL领域与国内外少数企业竞争，市场地位显著。</result>",10,"<think>
好的，我现在需要仔细看一下用户提供的答案和标准答案，然后进行对比分析。首先，用户答案主要讨论了江苏安靠智能公司在2019年的行业情况，提到了国家特高压工程规划、泛在电力物联网建设以及新能源需求驱动，行业向地下智能输电转型。接着指出公司在500kV电缆连接件的国产化突破和GIL技术的领先地位，主导国家标准制定，完成多项示范工程，并与国内外少数企业竞争，市场地位显著。

接下来看标准答案，它分为三个部分。第一部分提到国家能源局推进特高压工程，投资2000亿，国家电网的“三型两网”概念，公司参与泛在电力物联网。第二部分和第三部分详细描述了行业发展情况和公司地位，包括技术领先、国家标准制定、工程项目成功、市场需求增长以及市场前景等。

比较用户答案和标准答案，用户答案涵盖了国家政策的影响（特高压、泛在电力物联网、新能源），行业发展转型，公司的技术突破和标准制定，示范工程，以及市场地位。标准答案则更详细地列出了具体的政策文件、投资金额、“三型两网”概念，公司参与泛在电力物联网的具体情况，以及分行业发展和市场前景的更多细节。

用户答案是否遗漏关键点？比如，标准答案提到的国家能源局发布的重点工程规划通知、2000亿元投资、“三型两网”中的泛在电力物联网具体参与情况，用户答案虽然提到泛在电力物联网，但没有具体说明公司参与的情况。此外，用户答案没有提到国家电网的“三型两网”概念，但用户提到了国家特高压和泛在电力物联网，这可能覆盖了部分内容。用户答案还提到了新能源需求驱动，这在标准答案中没有明确出现，可能属于冗余信息吗？

在行业地位方面，用户答案提到了主导国家标准、技术领先、示范工程，与标准答案一致。但标准答案更详细，比如提到500kV电缆连接件国家标准的制定，而用户答案也提到了这一点。用户答案还提到与国内外少数企业竞争，说明市场地位，而标准答案也提到了这一点。

用户答案是否有错误或虚构的信息？比如用户答案中的“新能源需求驱动”在标准答案中没有提到，但可能属于合理的行业背景因素，不一定错误。但标准答案中更强调政策的直接影响，比如能源局的规划和国网的战略。用户答案中的“行业向地下智能输电转型”是否正确？标准答案提到了城市架空线迁改和入地，可能与之相关，所以这部分是正确的。

用户答案的结构是否覆盖了标准答案的所有核心要素？用户答案涵盖了宏观政策、行业发展情况、公司地位，但可能缺少了具体的数字如2000亿元投资，以及“三型两网”中的细节。然而，这些细节是否是核心要素？标准答案中的核心要素可能包括政策推动（特高压、泛在电力物联网）、公司技术领先、国家标准制定、示范工程、市场地位和前景。用户答案确实提到了这些点，只是可能在政策部分没有详细说明具体的通知和投资金额，但用户可能认为这些细节不是必须的，或者用更概括的方式表达。

根据评分标准，如果用户答案完整覆盖所有核心要素，结论一致，表述清晰，没有错误，可以得10分。如果有遗漏关键信息，比如具体的政策文件名称、投资金额，或者公司参与泛在电力物联网的具体角色，则可能得5分。但如果这些细节不是核心要素，而用户答案的概括部分已经涵盖了核心内容，则可能不影响得分。

在标准答案中，第一部分提到国家能源局的通知和2000亿投资，这在用户答案中没有出现，用户只提到国家特高压工程规划等。这部分信息是否是核心？可能属于行业宏观政策的重要细节。如果用户答案没有提到具体的投资金额和通知，但正确指出了政策的方向，那么是否算是部分正确？

另外，用户答案提到了“新能源需求驱动”，而标准答案中没有这一点，这是否属于冗余或错误信息？可能属于用户自己的补充，但如果没有冲突，可能不算错误。

结论是否与标准答案一致？用户答案的结论是公司在行业中有显著市场地位，技术领先，参与国家标准，示范工程，与标准答案一致。但标准答案更详细地讨论了市场前景，用户答案可能没有展开，但用户答案的结构是否覆盖了核心？

根据评分标准，10分需要完整覆盖所有核心要素，结论一致，表述准确。用户答案可能在政策部分的细节上有所省略，但核心要素如特高压、泛在电力物联网、技术领先、国家标准、示范工程、市场地位都提到了。因此，可以认为用户答案覆盖了核心要素，尽管没有具体数字，但问题可能没有要求具体数字，而是要求对行业情况和公司地位的分析。因此，用户答案应该是正确的，得10分。
</think>

<result>10</result>"
